,code,name,area
0,600661,新南洋,上海
1,002116,中国海诚,上海
2,002486,嘉麟杰,上海
3,600119,长江投资,上海
4,600210,紫江企业,上海
5,603020,爱普股份,上海
6,600816,安信信托,上海
7,600663,陆家嘴,上海
8,000668,荣丰控股,上海
9,600606,绿地控股,上海
10,600652,游久游戏,上海
11,600820,隧道股份,上海
12,600851,海欣股份,上海
13,600532,宏达矿业,上海
14,600837,海通证券,上海
15,601788,光大证券,上海
16,300008,天海防务,上海
17,601519,大智慧,上海
18,600628,新世界,上海
19,002328,新朋股份,上海
20,300590,移为通信,上海
21,600648,外高桥,上海
22,600662,强生控股,上海
23,002568,百润股份,上海
24,002158,汉钟精机,上海
25,300551,古鳌科技,上海
26,600073,上海梅林,上海
27,603039,泛微网络,上海
28,603887,城地股份,上海
29,600846,同济科技,上海
30,600620,天宸股份,上海
31,600827,百联股份,上海
32,600824,益民集团,上海
33,002454,松芝股份,上海
34,300236,上海新阳,上海
35,600026,中远海能,上海
36,601328,交通银行,上海
37,002506,协鑫集成,上海
38,601231,环旭电子,上海
39,002324,普利特,上海
40,603003,龙宇燃油,上海
41,603899,晨光文具,上海
42,300336,新文化,上海
43,600171,上海贝岭,上海
44,600618,氯碱化工,上海
45,300039,上海凯宝,上海
46,002706,良信电器,上海
47,300180,华峰超纤,上海
48,600823,世茂股份,上海
49,603030,全筑股份,上海
50,600708,光明地产,上海
51,600081,东风科技,上海
52,600278,东方创业,上海
53,600695,绿庭投资,上海
54,600850,华东电脑,上海
55,600000,浦发银行,上海
56,603718,海利生物,上海
57,600836,界龙实业,上海
58,601211,国泰君安,上海
59,600838,上海九百,上海
60,600676,交运股份,上海
61,600272,开开实业,上海
62,603012,创力集团,上海
63,600061,国投安信,上海
64,300226,上海钢联,上海
65,603006,联明股份,上海
66,600665,天地源,上海
67,600508,上海能源,上海
68,600819,耀皮玻璃,上海
69,300074,华平股份,上海
70,601595,上海电影,上海
71,600895,张江高科,上海
72,002278,神开股份,上海
73,600841,上柴股份,上海
74,002178,延华智能,上海
75,603886,元祖股份,上海
76,002561,徐家汇,上海
77,002269,美邦服饰,上海
78,002058,威 尔 泰,上海
79,300501,海顺新材,上海
80,600601,方正科技,上海
81,600643,爱建集团,上海
82,600833,第一医药,上海
83,300171,东富龙,上海
84,600638,新黄浦,上海
85,600615,丰华股份,上海
86,002184,海得控制,上海
87,600835,上海机电,上海
88,600692,亚通股份,上海
89,600767,运盛医疗,上海
90,603189,网达软件,上海
91,600882,广泽股份,上海
92,300126,锐奇股份,上海
93,600822,上海物贸,上海
94,601229,上海银行,上海
95,600689,上海三毛,上海
96,600196,复星医药,上海
97,603128,华贸物流,上海
98,600072,钢构工程,上海
99,600619,海立股份,上海
100,300442,普丽盛,上海
101,603633,徕木股份,上海
102,600623,华谊集团,上海
103,600193,创兴资源,上海
104,300378,鼎捷软件,上海
105,300245,天玑科技,上海
106,600503,华丽家族,上海
107,300511,雪榕生物,上海
108,601601,中国太保,上海
109,600642,申能股份,上海
110,600517,置信电气,上海
111,002028,思源电气,上海
112,603131,上海沪工,上海
113,600818,中路股份,上海
114,600610,中毅达,上海
115,300326,凯利泰,上海
116,603868,飞科电器,上海
117,600320,振华重工,上海
118,600641,万业企业,上海
119,600605,汇通能源,上海
120,600612,老凤祥,上海
121,600675,*ST中企,上海
122,300327,中颖电子,上海
123,603515,欧普照明,上海
124,300578,会畅通讯,上海
125,601607,上海医药,上海
126,600088,中视传媒,上海
127,601616,广电电气,上海
128,600647,同达创业,上海
129,603777,来伊份,上海
130,600315,上海家化,上海
131,300272,开能环保,上海
132,300168,万达信息,上海
133,300508,维宏股份,上海
134,600845,宝信软件,上海
135,600680,上海普天,上海
136,600825,新华传媒,上海
137,600104,上汽集团,上海
138,600637,东方明珠,上海
139,600622,嘉宝集团,上海
140,603159,上海亚虹,上海
141,600420,现代制药,上海
142,002401,中海科技,上海
143,600651,飞乐音响,上海
144,300061,康耐特,上海
145,300225,金力泰,上海
146,600530,交大昂立,上海
147,600826,兰生股份,上海
148,600150,中国船舶,上海
149,600021,上海电力,上海
150,603009,北特科技,上海
151,300253,卫宁健康,上海
152,002565,顺灏股份,上海
153,600626,申达股份,上海
154,600754,锦江股份,上海
155,600635,大众公用,上海
156,600848,上海临港,上海
157,600097,开创国际,上海
158,601866,中远海发,上海
159,002346,柘中股份,上海
160,300222,科大智能,上海
161,300129,泰胜风能,上海
162,600624,复旦复华,上海
163,600688,上海石化,上海
164,600009,上海机场,上海
165,600094,大名城,上海
166,002605,姚记扑克,上海
167,300067,安诺其,上海
168,300493,润欣科技,上海
169,002022,科华生物,上海
170,300330,华虹计通,上海
171,600629,华建集团,上海
172,600608,上海科技,上海
173,600843,上工申贝,上海
174,600748,上实发展,上海
175,600604,市北高新,上海
176,300230,永利股份,上海
177,600500,中化国际,上海
178,600679,上海凤凰,上海
179,600613,神奇制药,上海
180,002636,金安国纪,上海
181,600630,龙头股份,上海
182,603037,凯众股份,上海
183,600650,锦江投资,上海
184,600639,浦东金桥,上海
185,300398,飞凯材料,上海
186,600741,华域汽车,上海
187,300483,沃施股份,上海
188,601872,招商轮船,上海
189,603022,新通联,上海
190,600284,浦东建设,上海
191,601968,宝钢包装,上海
192,600616,金枫酒业,上海
193,002451,摩恩电气,上海
194,600655,豫园商城,上海
195,600696,匹凸匹,上海
196,600050,中国联通,上海
197,603987,康德莱,上海
198,002195,二三四五,上海
199,300017,网宿科技,上海
200,600834,申通地铁,上海
201,002825,纳尔股份,上海
202,002162,悦心健康,上海
203,300469,信息发展,上海
204,600597,光明乳业,上海
205,603579,荣泰健康,上海
206,603690,至纯科技,上海
207,600634,中技控股,上海
208,603885,吉祥航空,上海
209,600844,丹化科技,上海
210,300462,华铭智能,上海
211,600958,东方证券,上海
212,300613,富瀚微,上海
213,002527,新时达,上海
214,300380,安硕信息,上海
215,601727,上海电气,上海
216,300170,汉得信息,上海
217,601021,春秋航空,上海
218,600115,东方航空,上海
219,600018,上港集团,上海
220,300286,安科瑞,上海
221,300262,巴安水务,上海
222,603918,金桥信息,上海
223,603108,润达医疗,上海
224,600654,中安消,上海
225,000863,三湘印象,上海
226,600614,鹏起科技,上海
227,600602,云赛智联,上海
228,600611,大众交通,上海
229,300153,科泰电源,上海
230,603881,数据港,上海
231,600732,*ST新梅,上海
232,603330,上海天洋,上海
233,600170,上海建工,上海
234,600490,鹏欣资源,上海
235,600621,华鑫股份,上海
236,002252,上海莱士,上海
237,600151,航天机电,上海
238,600636,三爱富,上海
239,600649,城投控股,上海
240,603729,龙韵股份,上海
241,002669,康达新材,上海
242,600019,宝钢股份,上海
243,600640,号百控股,上海
244,300609,汇纳科技,上海
245,603991,至正股份,上海
246,300059,东方财富,上海
247,600653,申华控股,上海
248,600995,文山电力,云南
249,600239,云南城投,云南
250,600422,昆药集团,云南
251,600806,*ST昆机,云南
252,000560,昆百大Ａ,云南
253,002200,云投生态,云南
254,600459,贵研铂业,云南
255,002428,云南锗业,云南
256,002059,云南旅游,云南
257,002053,云南能投,云南
258,300505,川金诺,云南
259,000667,美好置业,云南
260,002265,西仪股份,云南
261,300142,沃森生物,云南
262,000807,云铝股份,云南
263,600725,*ST云维,云南
264,601099,太平洋,云南
265,000960,锡业股份,云南
266,000903,云内动力,云南
267,002033,丽江旅游,云南
268,002812,创新股份,云南
269,600265,ST景谷,云南
270,002750,龙津药业,云南
271,002727,一心堂,云南
272,600096,云天化,云南
273,600792,云煤能源,云南
274,600497,驰宏锌锗,云南
275,600883,博闻科技,云南
276,000538,云南白药,云南
277,002114,罗平锌电,云南
278,000948,南天信息,云南
279,000878,云南铜业,云南
280,000975,银泰资源,内蒙
281,600863,内蒙华电,内蒙
282,600291,西水股份,内蒙
283,600277,亿利洁能,内蒙
284,600010,包钢股份,内蒙
285,000780,平庄能源,内蒙
286,600887,伊利股份,内蒙
287,600091,ST明科,内蒙
288,300355,蒙草生态,内蒙
289,600967,北方创业,内蒙
290,600988,赤峰黄金,内蒙
291,000611,*ST天首,内蒙
292,000683,远兴能源,内蒙
293,300049,福瑞股份,内蒙
294,600328,兰太实业,内蒙
295,601216,君正集团,内蒙
296,600262,北方股份,内蒙
297,600111,北方稀土,内蒙
298,000426,兴业矿业,内蒙
299,600295,鄂尔多斯,内蒙
300,002688,金河生物,内蒙
301,600191,华资实业,内蒙
302,600201,生物股份,内蒙
303,300239,东宝生物,内蒙
304,002128,露天煤业,内蒙
305,601117,中国化学,北京
306,000605,渤海股份,北京
307,300204,舒泰神,北京
308,601991,大唐发电,北京
309,000839,中信国安,北京
310,300309,吉艾科技,北京
311,601628,中国人寿,北京
312,300579,数字认证,北京
313,300344,太空板业,北京
314,300523,辰安科技,北京
315,601558,华锐风电,北京
316,300449,汉邦高科,北京
317,000938,紫光股份,北京
318,600977,中国电影,北京
319,600008,首创股份,北京
320,002755,东方新星,北京
321,300444,双杰电气,北京
322,300513,恒泰实达,北京
323,601998,中信银行,北京
324,000931,中 关 村,北京
325,300157,恒泰艾普,北京
326,300005,探路者,北京
327,300399,京天利,北京
328,300055,万邦达,北京
329,603000,人民网,北京
330,002649,博彦科技,北京
331,600723,首商股份,北京
332,000802,北京文化,北京
333,000609,绵石投资,北京
334,603377,东方时尚,北京
335,002771,真视通,北京
336,002148,北纬通信,北京
337,002467,二六三,北京
338,300552,万集科技,北京
339,300036,超图软件,北京
340,600206,有研新材,北京
341,002385,大北农,北京
342,002350,北京科锐,北京
343,002392,北京利尔,北京
344,601908,京运通,北京
345,000666,经纬纺机,北京
346,300312,邦讯技术,北京
347,002310,东方园林,北京
348,600489,中金黄金,北京
349,601766,中国中车,北京
350,601588,北辰实业,北京
351,002819,东方中科,北京
352,600011,华能国际,北京
353,603138,海量数据,北京
354,600161,天坛生物,北京
355,601668,中国建筑,北京
356,000046,泛海控股,北京
357,002739,万达院线,北京
358,002701,奥瑞金,北京
359,600588,用友网络,北京
360,600085,同仁堂,北京
361,002362,汉王科技,北京
362,000882,华联股份,北京
363,600058,五矿发展,北京
364,300117,嘉寓股份,北京
365,600138,中青旅,北京
366,000996,中国中期,北京
367,002738,中矿资源,北京
368,603603,博天环境,北京
369,300003,乐普医疗,北京
370,601989,中国重工,北京
371,600376,首开股份,北京
372,002153,石基信息,北京
373,603598,引力传媒,北京
374,002612,朗姿股份,北京
375,300200,高盟新材,北京
376,300212,易华录,北京
377,002383,合众思壮,北京
378,300010,立思辰,北京
379,300445,康斯特,北京
380,300150,世纪瑞尔,北京
381,300166,东方国信,北京
382,603060,国检集团,北京
383,601088,中国神华,北京
384,300431,暴风集团,北京
385,300079,数码视讯,北京
386,300392,腾信股份,北京
387,002371,北方华创,北京
388,603025,大豪科技,北京
389,300223,北京君正,北京
390,600435,北方导航,北京
391,000838,财信发展,北京
392,300315,掌趣科技,北京
393,002542,中化岩土,北京
394,300332,天壕环境,北京
395,000065,北方国际,北京
396,300374,恒通科技,北京
397,300287,飞利信,北京
398,300364,中文在线,北京
399,300367,东方网力,北京
400,300370,安控科技,北京
401,000725,京东方Ａ,北京
402,300271,华宇软件,北京
403,000758,中色股份,北京
404,002038,双鹭药业,北京
405,300191,潜能恒信,北京
406,300608,思特奇,北京
407,600410,华胜天成,北京
408,300251,光线传媒,北京
409,300455,康拓红外,北京
410,300065,海兰信,北京
411,600361,华联综超,北京
412,600536,中国软件,北京
413,600860,京城股份,北京
414,300418,昆仑万维,北京
415,000620,新华联,北京
416,300231,银信科技,北京
417,300011,鼎汉技术,北京
418,601800,中国交建,北京
419,600195,中牧股份,北京
420,002829,星网宇达,北京
421,002405,四维图新,北京
422,600056,中国医药,北京
423,300369,绿盟科技,北京
424,601886,江河集团,北京
425,603888,新华网,北京
426,601336,新华保险,北京
427,601126,四方股份,北京
428,000860,顺鑫农业,北京
429,600028,中国石化,北京
430,300104,乐视网,北京
431,002658,雪迪龙,北京
432,000786,北新建材,北京
433,603778,乾景园林,北京
434,300073,当升科技,北京
435,300071,华谊嘉信,北京
436,601985,中国核电,北京
437,300593,新雷能,北京
438,300406,九强生物,北京
439,601818,光大银行,北京
440,600299,安迪苏,北京
441,002657,中科金财,北京
442,002271,东方雨虹,北京
443,002186,全 聚 德,北京
444,300296,利亚德,北京
445,000969,安泰科技,北京
446,002665,首航节能,北京
447,300034,钢研高纳,北京
448,300383,光环新网,北京
449,601881,中国银河,北京
450,600429,三元股份,北京
451,000798,中水渔业,北京
452,600658,电子城,北京
453,600764,中电广通,北京
454,002368,太极股份,北京
455,300379,东方通,北京
456,601669,中国电建,北京
457,002713,东易日盛,北京
458,300048,合康新能,北京
459,603569,长久物流,北京
460,603123,翠微股份,北京
461,601858,中国科传,北京
462,002780,三夫户外,北京
463,600062,华润双鹤,北京
464,000916,华北高速,北京
465,300072,三聚环保,北京
466,603979,金诚信,北京
467,601186,中国铁建,北京
468,600266,北京城建,北京
469,601101,昊华能源,北京
470,600166,福田汽车,北京
471,600871,石化油服,北京
472,000729,燕京啤酒,北京
473,600962,国投中鲁,北京
474,600270,外运发展,北京
475,600886,国投电力,北京
476,000008,神州高铁,北京
477,600890,中房股份,北京
478,002662,京威股份,北京
479,000402,金 融 街,北京
480,600100,同方股份,北京
481,002373,千方科技,北京
482,300289,利德曼,北京
483,601988,中国银行,北京
484,600730,中国高科,北京
485,300456,耐威科技,北京
486,002599,盛通股份,北京
487,603903,中持股份,北京
488,601016,节能风电,北京
489,601898,中煤能源,北京
490,600861,北京城乡,北京
491,601198,东兴证券,北京
492,000603,盛达矿业,北京
493,300365,恒华科技,北京
494,002642,荣之联,北京
495,300182,捷成股份,北京
496,300485,赛升药业,北京
497,300229,拓尔思,北京
498,600511,国药股份,北京
499,601111,中国国航,北京
500,600037,歌华有线,北京
501,300542,新晨科技,北京
502,002573,清新环境,北京
503,601888,中国国旅,北京
504,300058,蓝色光标,北京
505,600015,华夏银行,北京
506,300156,神雾环保,北京
507,300045,华力创通,北京
508,600198,大唐电信,北京
509,600405,动力源,北京
510,300353,东土科技,北京
511,601611,中国核建,北京
512,600578,京能电力,北京
513,300324,旋极信息,北京
514,300075,数字政通,北京
515,300291,华录百纳,北京
516,300384,三联虹普,北京
517,601390,中国中铁,北京
518,601992,金隅股份,北京
519,000970,中科三环,北京
520,300477,合纵科技,北京
521,603986,兆易创新,北京
522,603859,能科股份,北京
523,600372,中航电子,北京
524,600743,华远地产,北京
525,600288,大恒科技,北京
526,601718,际华集团,北京
527,600258,首旅酒店,北京
528,300386,飞天诚信,北京
529,300430,诚益通,北京
530,601398,工商银行,北京
531,600271,航天信息,北京
532,300282,汇冠股份,北京
533,600246,万通地产,北京
534,002051,中工国际,北京
535,002554,惠博普,北京
536,002279,久其软件,北京
537,601169,北京银行,北京
538,600240,华业资本,北京
539,002065,东华软件,北京
540,300038,梅泰诺,北京
541,300213,佳讯飞鸿,北京
542,002151,北斗星通,北京
543,300002,神州泰岳,北京
544,002707,众信旅游,北京
545,601857,中国石油,北京
546,300016,北陆药业,北京
547,601939,建设银行,北京
548,601618,中国中冶,北京
549,600055,万东医疗,北京
550,600980,北矿科技,北京
551,300318,博晖创新,北京
552,601226,华电重工,北京
553,300070,碧水源,北京
554,300496,中科创达,北京
555,002066,瑞泰科技,北京
556,300541,先进数通,北京
557,600791,京能置业,北京
558,300352,北信源,北京
559,300139,晓程科技,北京
560,603698,航天工程,北京
561,603818,曲美家居,北京
562,600657,信达地产,北京
563,600159,大龙地产,北京
564,600386,北巴传媒,北京
565,300472,新元科技,北京
566,300612,宣亚国际,北京
567,603588,高能环境,北京
568,600007,中国国贸,北京
569,002504,弘高创意,北京
570,300419,浩丰科技,北京
571,002439,启明星辰,北京
572,600016,民生银行,北京
573,600582,天地科技,北京
574,601288,农业银行,北京
575,600855,航天长峰,北京
576,002410,广联达,北京
577,000959,首钢股份,北京
578,000151,中成股份,北京
579,600859,王府井,北京
580,600900,长江电力,北京
581,600485,信威集团,北京
582,600313,农发种业,北京
583,603098,森特股份,北京
584,601600,中国铝业,北京
585,603616,韩建河山,北京
586,300302,同有科技,北京
587,600118,中国卫星,北京
588,002462,嘉事堂,北京
589,002306,中科云网,北京
590,600560,金自天正,北京
591,600463,空港股份,北京
592,300465,高伟达,北京
593,002721,金一文化,北京
594,600189,吉林森工,吉林
595,000669,金鸿能源,吉林
596,002232,启明信息,吉林
597,000928,中钢国际,吉林
598,300510,金冠电气,吉林
599,002338,奥普光电,吉林
600,600148,长春一东,吉林
601,000546,金圆股份,吉林
602,600333,长春燃气,吉林
603,600365,通葡股份,吉林
604,000631,顺发恒业,吉林
605,000030,富奥股份,吉林
606,300396,迪瑞医疗,吉林
607,600697,欧亚集团,吉林
608,600247,ST成城,吉林
609,000661,长春高新,吉林
610,000718,苏宁环球,吉林
611,002622,融钰集团,吉林
612,000420,吉林化纤,吉林
613,600881,亚泰集团,吉林
614,000875,吉电股份,吉林
615,300108,双龙股份,吉林
616,600110,诺德股份,吉林
617,600432,*ST吉恩,吉林
618,600742,一汽富维,吉林
619,603559,中通国脉,吉林
620,600360,华微电子,吉林
621,000623,吉林敖东,吉林
622,601929,吉视传媒,吉林
623,000686,东北证券,吉林
624,002501,利源精制,吉林
625,000545,金浦钛业,吉林
626,002566,益盛药业,吉林
627,600215,长春经开,吉林
628,000800,一汽轿车,吉林
629,000766,通化金马,吉林
630,002118,紫鑫药业,吉林
631,600856,中天能源,吉林
632,600867,通化东宝,吉林
633,603099,长白山,吉林
634,601518,吉林高速,吉林
635,300597,吉大通信,吉林
636,300540,深冷股份,四川
637,600093,禾嘉股份,四川
638,000803,金宇车城,四川
639,300127,银河磁体,四川
640,300022,吉峰农机,四川
641,000731,四川美丰,四川
642,002268,卫 士 通,四川
643,600880,博瑞传播,四川
644,600644,乐山电力,四川
645,600353,旭光股份,四川
646,000693,ST华泽,四川
647,603077,和邦生物,四川
648,002143,印纪传媒,四川
649,600528,中铁二局,四川
650,300028,金亚科技,四川
651,002818,富森美,四川
652,600438,通威股份,四川
653,000155,*ST川化,四川
654,002312,三泰控股,四川
655,600779,水井坊,四川
656,000912,泸天化,四川
657,600828,茂业商业,四川
658,000598,兴蓉环境,四川
659,000586,汇源通信,四川
660,000935,四川双马,四川
661,002246,北化股份,四川
662,000568,泸州老窖,四川
663,600678,四川金顶,四川
664,300463,迈克生物,四川
665,600321,国栋建设,四川
666,300492,山鼎设计,四川
667,002630,华西能源,四川
668,600733,S前锋,四川
669,600137,浪莎股份,四川
670,002259,升达林业,四川
671,600804,鹏博士,四川
672,300470,日机密封,四川
673,002366,台海核电,四川
674,000510,金路集团,四川
675,600039,四川路桥,四川
676,300362,天翔环境,四川
677,000629,*ST钒钛,四川
678,000757,浩物股份,四川
679,603027,千禾味业,四川
680,002539,云图控股,四川
681,002749,国光股份,四川
682,300425,环能科技,四川
683,300547,川环科技,四川
684,600466,蓝光发展,四川
685,002422,科伦药业,四川
686,600875,东方电气,四川
687,600793,宜宾纸业,四川
688,000801,四川九洲,四川
689,600139,西部资源,四川
690,300559,佳发安泰,四川
691,000593,大通燃气,四川
692,300101,振芯科技,四川
693,002023,海特高新,四川
694,600109,国金证券,四川
695,000876,新 希 望,四川
696,002480,新筑股份,四川
697,000888,峨眉山Ａ,四川
698,300366,创意信息,四川
699,000710,天兴仪表,四川
700,002466,天齐锂业,四川
701,601208,东材科技,四川
702,601107,四川成渝,四川
703,600839,四川长虹,四川
704,600979,广安爱众,四川
705,300249,依米康,四川
706,600378,天科股份,四川
707,600674,川投能源,四川
708,600505,西昌电力,四川
709,300502,新易盛,四川
710,000835,长城动漫,四川
711,603333,明星电缆,四川
712,002628,成都路桥,四川
713,002357,富临运业,四川
714,300092,科新机电,四川
715,002773,康弘药业,四川
716,300432,富临精工,四川
717,000509,华塑控股,四川
718,002651,利君股份,四川
719,002777,久远银海,四川
720,000810,创维数字,四川
721,002258,利尔化学,四川
722,300414,中光防雷,四川
723,601811,新华文轩,四川
724,002798,帝王洁具,四川
725,000628,高新发展,四川
726,300434,金石东方,四川
727,002697,红旗连锁,四川
728,002190,成飞集成,四川
729,002272,川润股份,四川
730,300019,硅宝科技,四川
731,002253,川大智胜,四川
732,300440,运达科技,四川
733,600391,成发科技,四川
734,600702,沱牌舍得,四川
735,002497,雅化集团,四川
736,000790,泰合健康,四川
737,600101,明星电力,四川
738,600331,宏达股份,四川
739,300535,达威股份,四川
740,600131,岷江水电,四川
741,002386,天原集团,四川
742,300467,迅游科技,四川
743,600558,大西洋,四川
744,000858,五 粮 液,四川
745,300471,厚普股份,四川
746,600717,天津港,天津
747,002393,力生制药,天津
748,300195,长荣股份,天津
749,600535,天士力,天津
750,000695,滨海能源,天津
751,002134,天津普林,天津
752,002129,中环股份,天津
753,603126,中材节能,天津
754,600322,天房发展,天津
755,002432,九安医疗,天津
756,300334,津膜科技,天津
757,002337,赛象科技,天津
758,603019,中科曙光,天津
759,600335,国机汽车,天津
760,000836,鑫茂科技,天津
761,300119,瑞普生物,天津
762,002821,凯莱英,天津
763,600468,百利电气,天津
764,002510,天汽模,天津
765,600583,海油工程,天津
766,000927,一汽夏利,天津
767,601808,中海油服,天津
768,000965,天保基建,天津
769,603969,银龙股份,天津
770,600874,创业环保,天津
771,600645,中源协和,天津
772,600158,中体产业,天津
773,600751,天海投资,天津
774,601919,中远海控,天津
775,300375,鹏翎股份,天津
776,600225,天津松江,天津
777,600082,海泰发展,天津
778,300596,利安隆,天津
779,600800,天津磁卡,天津
780,002820,桂发祥,天津
781,600488,天药股份,天津
782,600821,津劝业,天津
783,300026,红日药业,天津
784,000652,泰达股份,天津
785,600787,中储股份,天津
786,600329,中新药业,天津
787,000537,广宇发展,天津
788,603727,博迈科,天津
789,300120,经纬电材,天津
790,300407,凯发电气,天津
791,000897,津滨发展,天津
792,000962,*ST东钽,宁夏
793,600785,新华百货,宁夏
794,002457,青龙管业,宁夏
795,000557,西部创业,宁夏
796,600146,商赢环球,宁夏
797,000635,英 力 特,宁夏
798,000595,宝塔实业,宁夏
799,600449,宁夏建材,宁夏
800,600165,新日恒力,宁夏
801,000862,银星能源,宁夏
802,000815,美利云,宁夏
803,000982,中银绒业,宁夏
804,300218,安利股份,安徽
805,300087,荃银高科,安徽
806,000728,国元证券,安徽
807,600985,雷鸣科化,安徽
808,300595,欧普康视,安徽
809,300520,科大国创,安徽
810,600012,皖通高速,安徽
811,600237,铜峰电子,安徽
812,603198,迎驾贡酒,安徽
813,600063,皖维高新,安徽
814,000417,合肥百货,安徽
815,000887,中鼎股份,安徽
816,002743,富煌钢构,安徽
817,600054,黄山旅游,安徽
818,600199,金种子酒,安徽
819,600520,*ST中发,安徽
820,603589,口子窖,安徽
821,300247,乐金健康,安徽
822,600496,精工钢构,安徽
823,600444,国机通用,安徽
824,600971,恒源煤电,安徽
825,300274,阳光电源,安徽
826,000713,丰乐种业,安徽
827,002298,中电鑫龙,安徽
828,600575,皖江物流,安徽
829,600761,安徽合力,安徽
830,000619,海螺型材,安徽
831,600577,精达股份,安徽
832,002607,亚夏汽车,安徽
833,300090,盛运环保,安徽
834,600585,海螺水泥,安徽
835,002136,安 纳 达,安徽
836,002171,楚江新材,安徽
837,000868,安凯客车,安徽
838,002018,华信国际,安徽
839,601801,皖新传媒,安徽
840,000850,华茂股份,安徽
841,002140,东华科技,安徽
842,600375,*ST星马,安徽
843,600502,安徽水利,安徽
844,300577,开润股份,安徽
845,002817,黄山胶囊,安徽
846,603308,应流股份,安徽
847,601918,*ST新集,安徽
848,002597,金禾实业,安徽
849,600551,时代出版,安徽
850,603689,皖天然气,安徽
851,600552,凯盛科技,安徽
852,600318,新力金融,安徽
853,603599,广信股份,安徽
854,603031,安德利,安徽
855,002760,凤形股份,安徽
856,000543,皖能电力,安徽
857,002690,美亚光电,安徽
858,600567,山鹰纸业,安徽
859,000930,中粮生化,安徽
860,600255,鑫科材料,安徽
861,002556,辉隆股份,安徽
862,000153,丰原药业,安徽
863,002226,江南化工,安徽
864,002352,顺丰控股,安徽
865,002361,神剑股份,安徽
866,002042,华孚色纺,安徽
867,600470,六国化工,安徽
868,600983,惠而浦,安徽
869,000596,古井贡酒,安徽
870,603429,集友股份,安徽
871,300388,国祯环保,安徽
872,000630,铜陵有色,安徽
873,603199,九华旅游,安徽
874,000980,金马股份,安徽
875,000979,中弘股份,安徽
876,603768,常青股份,安徽
877,603011,合锻智能,安徽
878,002014,永新股份,安徽
879,002208,合肥城建,安徽
880,002147,新光圆成,安徽
881,002571,德力股份,安徽
882,002541,鸿路钢构,安徽
883,002555,三七互娱,安徽
884,600418,江淮汽车,安徽
885,300452,山河药辅,安徽
886,000859,国风塑业,安徽
887,600218,全柴动力,安徽
888,600909,华安证券,安徽
889,300475,聚隆科技,安徽
890,002347,泰尔股份,安徽
891,300009,安科生物,安徽
892,002538,司尔特,安徽
893,002230,科大讯飞,安徽
894,300088,长信科技,安徽
895,002557,洽洽食品,安徽
896,600808,马钢股份,安徽
897,002331,皖通科技,安徽
898,000521,美菱电器,安徽
899,002057,中钢天源,安徽
900,600990,四创电子,安徽
901,002237,恒邦股份,山东
902,600579,天华院,山东
903,300321,同大股份,山东
904,000599,青岛双星,山东
905,600960,渤海活塞,山东
906,002481,双塔食品,山东
907,002476,宝莫股份,山东
908,002376,新北洋,山东
909,300185,通裕重工,山东
910,600898,三联商社,山东
911,002111,威海广泰,山东
912,300285,国瓷材料,山东
913,002270,华明装备,山东
914,000957,中通客车,山东
915,300110,华仁药业,山东
916,002595,豪迈科技,山东
917,600076,康欣新材,山东
918,601163,三角轮胎,山东
919,300099,尤洛卡,山东
920,002588,史丹利,山东
921,000409,山东地矿,山东
922,000617,中油资本,山东
923,000506,中润资源,山东
924,000423,东阿阿胶,山东
925,600426,华鲁恒升,山东
926,002339,积成电子,山东
927,600385,山东金泰,山东
928,600229,城市传媒,山东
929,300001,特锐德,山东
930,002026,山东威达,山东
931,600587,新华医疗,山东
932,601678,滨化股份,山东
933,300175,朗源股份,山东
934,002838,道恩股份,山东
935,000488,晨鸣纸业,山东
936,000869,张 裕Ａ,山东
937,600219,南山铝业,山东
938,603167,渤海轮渡,山东
939,002041,登海种业,山东
940,002604,龙力生物,山东
941,600223,鲁商置业,山东
942,000554,泰山石油,山东
943,600986,科达股份,山东
944,300121,阳谷华泰,山东
945,603577,汇金通,山东
946,600350,山东高速,山东
947,002726,龙大肉食,山东
948,603798,康普顿,山东
949,002768,国恩股份,山东
950,002248,华东数控,山东
951,002589,瑞康医药,山东
952,000915,山大华特,山东
953,002283,天润曲轴,山东
954,002470,金正大,山东
955,002374,丽鹏股份,山东
956,000830,鲁西化工,山东
957,600783,鲁信创投,山东
958,000407,胜利股份,山东
959,002083,孚日股份,山东
960,000726,鲁 泰Ａ,山东
961,600308,华泰股份,山东
962,603029,天鹅股份,山东
963,002363,隆基机械,山东
964,002382,蓝帆医疗,山东
965,002805,丰元股份,山东
966,000498,山东路桥,山东
967,300208,恒顺众N,山东
968,002469,三维工程,山东
969,002242,九阳股份,山东
970,002241,歌尔股份,山东
971,000338,潍柴动力,山东
972,600784,鲁银投资,山东
973,002498,汉缆股份,山东
974,002355,兴民智通,山东
975,000720,新能泰山,山东
976,600336,澳柯玛,山东
977,002655,共达电声,山东
978,000680,山推股份,山东
979,002234,民和股份,山东
980,000677,恒天海龙,山东
981,603026,石大胜华,山东
982,600777,新潮能源,山东
983,600467,好当家,山东
984,002746,仙坛股份,山东
985,000951,中国重汽,山东
986,300183,东软载波,山东
987,002359,齐星铁塔,山东
988,002408,齐翔腾达,山东
989,300214,日科化学,山东
990,002643,万润股份,山东
991,000655,金岭矿业,山东
992,603639,海利尔,山东
993,300243,瑞丰高材,山东
994,600309,万华化学,山东
995,002217,合力泰,山东
996,300479,神思电子,山东
997,600766,园城黄金,山东
998,002072,凯瑞德,山东
999,600017,日照港,山东
1000,300423,鲁亿通,山东
1001,600212,江泉实业,山东
1002,300237,美晨科技,山东
1003,603779,威龙股份,山东
1004,600319,*ST亚星,山东
1005,603708,家家悦,山东
1006,600789,鲁抗医药,山东
1007,300308,中际装备,山东
1008,002675,东诚药业,山东
1009,600586,金晶科技,山东
1010,002671,龙泉股份,山东
1011,002094,青岛金王,山东
1012,300105,龙源技术,山东
1013,000682,东方电子,山东
1014,002254,泰和新材,山东
1015,300569,天能重工,山东
1016,002073,软控股份,山东
1017,601058,赛轮金宇,山东
1018,002088,鲁阳节能,山东
1019,002107,沃华医药,山东
1020,002581,未名医药,山东
1021,002458,益生股份,山东
1022,601966,玲珑轮胎,山东
1023,600022,山东钢铁,山东
1024,603858,步长制药,山东
1025,300391,康跃科技,山东
1026,300233,金城医药,山东
1027,600529,山东药玻,山东
1028,002379,*ST鲁丰,山东
1029,002353,杰瑞股份,山东
1030,600690,青岛海尔,山东
1031,002521,齐峰新材,山东
1032,002526,山东矿机,山东
1033,600756,浪潮软件,山东
1034,002485,希努尔,山东
1035,000811,烟台冰轮,山东
1036,002580,圣阳股份,山东
1037,000822,山东海化,山东
1038,000880,潍柴重机,山东
1039,600858,银座股份,山东
1040,002086,东方海洋,山东
1041,300583,赛托生物,山东
1042,600760,*ST黑豹,山东
1043,603421,鼎信通讯,山东
1044,300224,正海磁材,山东
1045,000639,西王食品,山东
1046,300343,联创互联,山东
1047,600180,瑞茂通,山东
1048,002078,太阳纸业,山东
1049,600600,青岛啤酒,山东
1050,000756,新华制药,山东
1051,600807,天业股份,山东
1052,002117,东港股份,山东
1053,002193,山东如意,山东
1054,002810,山东赫达,山东
1055,300443,金雷风电,山东
1056,000416,民生控股,山东
1057,603021,山东华鹏,山东
1058,603638,艾迪精密,山东
1059,600735,新华锦,山东
1060,600547,山东黄金,山东
1061,600060,海信电器,山东
1062,603223,恒通股份,山东
1063,002598,山东章鼓,山东
1064,600188,兖州煤业,山东
1065,600448,华纺股份,山东
1066,600027,华电国际,山东
1067,002537,海立美达,山东
1068,002490,山东墨龙,山东
1069,600966,博汇纸业,山东
1070,000977,浪潮信息,山东
1071,600727,鲁北化工,山东
1072,002545,东方铁塔,山东
1073,002286,保龄宝,山东
1074,002330,得利斯,山东
1075,002640,跨境通,山西
1076,600392,盛和资源,山西
1077,002753,永东股份,山西
1078,600234,*ST山水,山西
1079,600408,安泰集团,山西
1080,000968,*ST煤气,山西
1081,600617,国新能源,山西
1082,002500,山西证券,山西
1083,600539,ST狮头,山西
1084,000673,当代东方,山西
1085,000983,西山煤电,山西
1086,600495,晋西车轴,山西
1087,000755,山西三维,山西
1088,000831,*ST五稀,山西
1089,600169,太原重工,山西
1090,600740,山西焦化,山西
1091,000767,漳泽电力,山西
1092,600281,太化股份,山西
1093,601001,大同煤业,山西
1094,600780,通宝能源,山西
1095,000795,英洛华,山西
1096,600348,阳泉煤业,山西
1097,600351,亚宝药业,山西
1098,600546,*ST山煤,山西
1099,600123,兰花科创,山西
1100,300254,仟源医药,山西
1101,300486,东杰智能,山西
1102,000723,美锦能源,山西
1103,600809,山西汾酒,山西
1104,000737,南风化工,山西
1105,000403,ST生化,山西
1106,300158,振东制药,山西
1107,601006,大秦铁路,山西
1108,000825,太钢不锈,山西
1109,002360,同德化工,山西
1110,601699,潞安环能,山西
1111,600157,永泰能源,山西
1112,600691,阳煤化工,山西
1113,300094,国联水产,广东
1114,300521,爱司凯,广东
1115,002757,南兴装备,广东
1116,000539,粤电力Ａ,广东
1117,600866,*ST星湖,广东
1118,002209,达 意 隆,广东
1119,300053,欧比特,广东
1120,300498,温氏股份,广东
1121,000637,茂化实华,广东
1122,002446,盛路通信,广东
1123,002616,长青集团,广东
1124,300030,阳普医疗,广东
1125,300376,易事特,广东
1126,002292,奥飞娱乐,广东
1127,002031,巨轮智能,广东
1128,000976,春晖股份,广东
1129,300403,地尔汉宇,广东
1130,002291,星期六,广东
1131,603309,维力医疗,广东
1132,300273,和佳股份,广东
1133,300219,鸿利智汇,广东
1134,002759,天际股份,广东
1135,300246,宝莱特,广东
1136,002841,视源股份,广东
1137,002461,珠江啤酒,广东
1138,000534,万泽股份,广东
1139,002076,雪 莱 特,广东
1140,600428,中远海特,广东
1141,603898,好莱客,广东
1142,300530,达志科技,广东
1143,603328,依顿电子,广东
1144,002035,华帝股份,广东
1145,002180,艾派克,广东
1146,000533,万 家 乐,广东
1147,300063,天龙集团,广东
1148,600083,博信股份,广东
1149,002668,奥马电器,广东
1150,002741,光华科技,广东
1151,300149,量子高科,广东
1152,300297,蓝盾股份,广东
1153,300589,江龙船艇,广东
1154,000893,东凌国际,广东
1155,600332,白云山,广东
1156,300322,硕贝德,广东
1157,300359,全通教育,广东
1158,300410,正业科技,广东
1159,300438,鹏辉能源,广东
1160,002824,和胜股份,广东
1161,300526,中潜股份,广东
1162,600143,金发科技,广东
1163,002319,乐通股份,广东
1164,600242,中昌数据,广东
1165,002192,融捷股份,广东
1166,600673,东阳光科,广东
1167,600684,珠江实业,广东
1168,603861,白云电器,广东
1169,002425,凯撒文化,广东
1170,300043,星辉娱乐,广东
1171,300310,宜通世纪,广东
1172,300242,明家联合,广东
1173,600029,南方航空,广东
1174,000659,珠海中富,广东
1175,600499,科达洁能,广东
1176,000828,东莞控股,广东
1177,300176,鸿特精密,广东
1178,002853,皮阿诺,广东
1179,002806,华锋股份,广东
1180,603630,拉芳家化,广东
1181,000690,宝新能源,广东
1182,300599,雄塑科技,广东
1183,002846,英联股份,广东
1184,002084,海鸥卫浴,广东
1185,300424,航新科技,广东
1186,300616,尚品宅配,广东
1187,300619,金银河,广东
1188,002260,德奥通航,广东
1189,000100,TCL 集团,广东
1190,300607,拓斯达,广东
1191,300620,光库科技,广东
1192,603838,四通股份,广东
1193,002400,省广股份,广东
1194,002492,恒基达鑫,广东
1195,002495,佳隆股份,广东
1196,002575,群兴玩具,广东
1197,002579,中京电子,广东
1198,002584,西陇科学,广东
1199,002638,勤上股份,广东
1200,300606,金太阳,广东
1201,002670,国盛金控,广东
1202,002676,顺威股份,广东
1203,002745,木林森,广东
1204,002611,东方精工,广东
1205,603322,超讯通信,广东
1206,002465,海格通信,广东
1207,300458,全志科技,广东
1208,002762,金发拉比,广东
1209,000823,超声电子,广东
1210,002449,国星光电,广东
1211,002544,杰赛科技,广东
1212,000651,格力电器,广东
1213,002233,塔牌集团,广东
1214,300147,香雪制药,广东
1215,000573,粤宏远Ａ,广东
1216,300562,乐心医疗,广东
1217,600868,梅雁吉祥,广东
1218,002502,骅威文化,广东
1219,300098,高新兴,广东
1220,002842,翔鹭钨业,广东
1221,603268,松发股份,广东
1222,002809,红墙股份,广东
1223,002717,岭南园林,广东
1224,002715,登云股份,广东
1225,600589,广东榕泰,广东
1226,002187,广百股份,广东
1227,300476,胜宏科技,广东
1228,300173,智慧松德,广东
1229,002709,天赐材料,广东
1230,002572,索菲亚,广东
1231,300014,亿纬锂能,广东
1232,002776,柏堡龙,广东
1233,000685,中山公用,广东
1234,300408,三环集团,广东
1235,603288,海天味业,广东
1236,002045,国光电器,广东
1237,002181,粤 传 媒,广东
1238,300482,万孚生物,广东
1239,002348,高乐股份,广东
1240,002152,广电运通,广东
1241,002317,众生药业,广东
1242,002678,珠江钢琴,广东
1243,000523,广州浪奇,广东
1244,002503,搜于特,广东
1245,002063,远光软件,广东
1246,601515,东风股份,广东
1247,600685,中船防务,广东
1248,300561,汇金科技,广东
1249,000529,广弘控股,广东
1250,600978,宜华生活,广东
1251,000921,海信科龙,广东
1252,002017,东信和平,广东
1253,002054,德美化工,广东
1254,002732,燕塘乳业,广东
1255,002433,太安堂,广东
1256,300586,美联新材,广东
1257,002016,世荣兆业,广东
1258,000333,美的集团,广东
1259,600872,中炬高新,广东
1260,601238,广汽集团,广东
1261,600325,华发股份,广东
1262,002420,毅昌股份,广东
1263,002387,黑牛食品,广东
1264,000636,风华高科,广东
1265,002666,德联集团,广东
1266,300089,文化长城,广东
1267,002656,摩登大道,广东
1268,002431,棕榈股份,广东
1269,000776,广发证券,广东
1270,002060,粤 水 电,广东
1271,002711,欧浦智网,广东
1272,000507,珠海港,广东
1273,600728,佳都科技,广东
1274,000524,岭南控股,广东
1275,002512,达华智能,广东
1276,002141,贤丰控股,广东
1277,000532,力合股份,广东
1278,002308,威创股份,广东
1279,600183,生益科技,广东
1280,000531,穗恒运Ａ,广东
1281,600323,瀚蓝环境,广东
1282,002030,达安基因,广东
1283,600433,冠豪高新,广东
1284,002728,特一药业,广东
1285,300409,道氏技术,广东
1286,600382,广东明珠,广东
1287,002723,金莱特,广东
1288,603038,华立股份,广东
1289,603398,邦宝益智,广东
1290,000541,佛山照明,广东
1291,300464,星徽精密,广东
1292,300177,中海达,广东
1293,600393,粤泰股份,广东
1294,300311,任子行,广东
1295,300238,冠昊生物,广东
1296,002177,御银股份,广东
1297,300448,浩云科技,广东
1298,000973,佛塑科技,广东
1299,002832,比音勒芬,广东
1300,300083,劲胜精密,广东
1301,300221,银禧科技,广东
1302,002543,万和电气,广东
1303,300340,科恒股份,广东
1304,002683,宏大爆破,广东
1305,002311,海大集团,广东
1306,002240,威华股份,广东
1307,300155,安居宝,广东
1308,603002,宏昌电子,广东
1309,000429,粤高速Ａ,广东
1310,002212,南洋股份,广东
1311,000150,宜华健康,广东
1312,000861,海印股份,广东
1313,000576,广东甘化,广东
1314,300404,博济医药,广东
1315,002600,江粉磁材,广东
1316,002705,新宝股份,广东
1317,002792,通宇通讯,广东
1318,600518,康美药业,广东
1319,002672,东江环保,广东
1320,000782,美达股份,广东
1321,600894,广日股份,广东
1322,603336,宏辉果蔬,广东
1323,601900,南方传媒,广东
1324,603608,天创时尚,广东
1325,300381,溢多利,广东
1326,600004,白云机场,广东
1327,000717,*ST韶钢,广东
1328,300415,伊之密,广东
1329,002295,精艺股份,广东
1330,002169,智光电气,广东
1331,002791,坚朗五金,广东
1332,300281,金明精机,广东
1333,600048,保利地产,广东
1334,600185,格力地产,广东
1335,002101,广东鸿图,广东
1336,603936,博敏电子,广东
1337,300503,昊志机电,广东
1338,002836,新宏泽,广东
1339,002249,大洋电机,广东
1340,300328,宜安科技,广东
1341,002288,超华科技,广东
1342,002167,东方锆业,广东
1343,300146,汤臣倍健,广东
1344,300591,万里马,广东
1345,300529,健帆生物,广东
1346,300335,迪森股份,广东
1347,002833,弘亚数控,广东
1348,300093,金刚玻璃,广东
1349,300460,惠伦晶体,广东
1350,300417,南华仪器,广东
1351,002005,德豪润达,广东
1352,002441,众业达,广东
1353,002345,潮宏基,广东
1354,300143,星河生物,广东
1355,002027,分众传媒,广东
1356,002663,普邦股份,广东
1357,000502,绿景控股,广东
1358,002198,嘉应制药,广东
1359,000601,韶能股份,广东
1360,300004,南风股份,广东
1361,300050,世纪鼎利,广东
1362,300499,高澜股份,广东
1363,002511,中顺洁柔,广东
1364,000712,锦龙股份,广东
1365,000513,丽珠集团,广东
1366,600098,广州发展,广东
1367,002684,猛狮科技,广东
1368,000987,越秀金控,广东
1369,300057,万顺股份,广东
1370,000608,阳光股份,广西
1371,601003,柳钢股份,广西
1372,000953,河池化工,广西
1373,000911,南宁糖业,广西
1374,600423,柳化股份,广西
1375,600252,中恒集团,广西
1376,000662,天夏智慧,广西
1377,603368,柳州医药,广西
1378,002329,皇氏集团,广西
1379,600301,*ST南化,广西
1380,002696,百洋股份,广西
1381,000716,黑芝麻,广西
1382,000806,银河生物,广西
1383,002275,桂林三金,广西
1384,002592,八菱科技,广西
1385,000750,国海证券,广西
1386,601996,丰林集团,广西
1387,002175,东方网络,广西
1388,002166,莱茵生物,广西
1389,600236,桂冠电力,广西
1390,000978,桂林旅游,广西
1391,603166,福达股份,广西
1392,600712,南宁百货,广西
1393,000582,北部湾港,广西
1394,600556,ST慧球,广西
1395,600538,国发股份,广西
1396,600368,五洲交通,广西
1397,603869,北部湾旅,广西
1398,000703,恒逸石化,广西
1399,000528,柳 工,广西
1400,600249,两面针,广西
1401,600310,桂东电力,广西
1402,300422,博世科,广西
1403,000833,贵糖股份,广西
1404,600936,广西广电,广西
1405,601368,绿城水务,广西
1406,000877,天山股份,新疆
1407,600425,青松建化,新疆
1408,300313,天山生物,新疆
1409,300603,立昂技术,新疆
1410,600778,友好集团,新疆
1411,002307,北新路桥,新疆
1412,002205,国统股份,新疆
1413,600339,*ST油工,新疆
1414,600337,美克家居,新疆
1415,600581,*ST八钢,新疆
1416,600737,中粮糖业,新疆
1417,000813,德展健康,新疆
1418,002828,贝肯能源,新疆
1419,000415,渤海金控,新疆
1420,300588,熙菱信息,新疆
1421,300159,新研股份,新疆
1422,600506,香梨股份,新疆
1423,002202,金风科技,新疆
1424,601069,西部黄金,新疆
1425,000972,中基健康,新疆
1426,600075,新疆天业,新疆
1427,002719,麦趣尔,新疆
1428,600090,同济堂,新疆
1429,600145,*ST新亿,新疆
1430,600359,新农开发,新疆
1431,600197,伊力特,新疆
1432,300106,西部牧业,新疆
1433,002524,光正集团,新疆
1434,600256,广汇能源,新疆
1435,002302,西部建设,新疆
1436,600084,中葡股份,新疆
1437,603393,新天然气,新疆
1438,600251,冠农股份,新疆
1439,600089,特变电工,新疆
1440,600509,天富能源,新疆
1441,002800,天顺股份,新疆
1442,002100,天康生物,新疆
1443,600888,新疆众和,新疆
1444,600540,新赛股份,新疆
1445,002207,准油股份,新疆
1446,603101,汇嘉时代,新疆
1447,002700,新疆浩源,新疆
1448,600721,*ST百花,新疆
1449,000159,国际实业,新疆
1450,600545,新疆城建,新疆
1451,603227,雪峰科技,新疆
1452,002092,中泰化学,新疆
1453,600419,天润乳业,新疆
1454,000166,申万宏源,新疆
1455,603032,德新交运,新疆
1456,600370,三房巷,江苏
1457,300260,新莱应材,江苏
1458,600487,亨通光电,江苏
1459,000961,中南建设,江苏
1460,601222,林洋能源,江苏
1461,600213,亚星客车,江苏
1462,601700,风范股份,江苏
1463,300135,宝利国际,江苏
1464,603660,苏州科达,江苏
1465,603007,花王股份,江苏
1466,300495,美尚生态,江苏
1467,300563,神宇股份,江苏
1468,300416,苏试试验,江苏
1469,603066,音飞储存,江苏
1470,603117,万林股份,江苏
1471,600200,江苏吴中,江苏
1472,002483,润邦股份,江苏
1473,600713,南京医药,江苏
1474,603968,醋化股份,江苏
1475,603111,康尼机电,江苏
1476,002044,美年健康,江苏
1477,002090,金智科技,江苏
1478,000681,视觉中国,江苏
1479,603528,多伦科技,江苏
1480,002081,金 螳 螂,江苏
1481,002409,雅克科技,江苏
1482,603958,哈森股份,江苏
1483,000518,四环生物,江苏
1484,601388,怡球资源,江苏
1485,002394,联发股份,江苏
1486,002367,康力电梯,江苏
1487,002802,洪汇新材,江苏
1488,002608,*ST舜船,江苏
1489,600736,苏州高新,江苏
1490,603188,亚邦股份,江苏
1491,300284,苏交科,江苏
1492,601890,亚星锚链,江苏
1493,600510,黑牡丹,江苏
1494,600557,康缘药业,江苏
1495,300029,天龙光电,江苏
1496,300305,裕兴股份,江苏
1497,300304,云意电气,江苏
1498,300585,奥联电子,江苏
1499,300031,宝通科技,江苏
1500,000570,苏常柴Ａ,江苏
1501,600287,江苏舜天,江苏
1502,603626,科森科技,江苏
1503,002079,苏州固锝,江苏
1504,601599,鹿港文化,江苏
1505,002290,禾盛新材,江苏
1506,300190,维尔利,江苏
1507,002514,宝馨科技,江苏
1508,002293,罗莱生活,江苏
1509,603313,梦百合,江苏
1510,601218,吉鑫科技,江苏
1511,603585,苏利股份,江苏
1512,603519,立霸股份,江苏
1513,300549,优德精密,江苏
1514,600959,江苏有线,江苏
1515,002478,常宝股份,江苏
1516,300528,幸福蓝海,江苏
1517,300500,苏州设计,江苏
1518,002435,长江润发,江苏
1519,600250,南纺股份,江苏
1520,002074,国轩高科,江苏
1521,300261,雅本化学,江苏
1522,600327,大东方,江苏
1523,603005,晶方科技,江苏
1524,300211,亿通科技,江苏
1525,600981,汇鸿集团,江苏
1526,601100,恒立液压,江苏
1527,002091,江苏国泰,江苏
1528,002315,焦点科技,江苏
1529,603966,法兰泰克,江苏
1530,300429,强力新材,江苏
1531,603035,常熟汽饰,江苏
1532,600064,南京高科,江苏
1533,300192,科斯伍德,江苏
1534,600770,综艺股份,江苏
1535,002438,江苏神通,江苏
1536,600486,扬农化工,江苏
1537,002201,九鼎新材,江苏
1538,300165,天瑞仪器,江苏
1539,601199,江南水务,江苏
1540,603988,中电电机,江苏
1541,000425,徐工机械,江苏
1542,000581,威孚高科,江苏
1543,603366,日出东方,江苏
1544,600908,无锡银行,江苏
1545,300382,斯莱克,江苏
1546,002623,亚玛顿,江苏
1547,002009,天奇股份,江苏
1548,300342,天银机电,江苏
1549,002453,天马精化,江苏
1550,601928,凤凰传媒,江苏
1551,300522,世名科技,江苏
1552,300337,银邦股份,江苏
1553,300320,海达股份,江苏
1554,600584,长电科技,江苏
1555,002635,安洁科技,江苏
1556,002239,奥特佳,江苏
1557,603355,莱克电气,江苏
1558,300623,捷捷微电,江苏
1559,002547,春兴精工,江苏
1560,601313,江南嘉捷,江苏
1561,002519,银河电子,江苏
1562,002576,通达动力,江苏
1563,600710,*ST常林,江苏
1564,603990,麦迪科技,江苏
1565,603323,吴江银行,江苏
1566,002464,金利科技,江苏
1567,603299,井神股份,江苏
1568,002652,扬子新材,江苏
1569,300610,晨化股份,江苏
1570,300580,贝斯特,江苏
1571,002685,华东重机,江苏
1572,002384,东山精密,江苏
1573,300402,宝色股份,江苏
1574,002255,海陆重工,江苏
1575,002747,埃斯顿,江苏
1576,002323,雅百特,江苏
1577,002807,江阴银行,江苏
1578,603017,中衡设计,江苏
1579,002426,胜利精密,江苏
1580,002411,必康股份,江苏
1581,603203,快克股份,江苏
1582,002553,南方轴承,江苏
1583,000421,南京公用,江苏
1584,000919,金陵药业,江苏
1585,603955,大千生态,江苏
1586,600562,国睿科技,江苏
1587,300598,诚迈科技,江苏
1588,002413,雷科防务,江苏
1589,002075,沙钢股份,江苏
1590,002002,鸿达兴业,江苏
1591,300346,南大光电,江苏
1592,300617,安靠智电,江苏
1593,000584,友利控股,江苏
1594,300618,寒锐钴业,江苏
1595,600501,航天晨光,江苏
1596,002150,通润装备,江苏
1597,000910,大亚圣象,江苏
1598,600389,江山股份,江苏
1599,600398,海澜之家,江苏
1600,603389,亚振家居,江苏
1601,600919,江苏银行,江苏
1602,002333,罗普斯金,江苏
1603,300394,天孚通信,江苏
1604,002708,光洋股份,江苏
1605,002680,长生生物,江苏
1606,300600,瑞特股份,江苏
1607,300331,苏大维格,江苏
1608,300295,三六五网,江苏
1609,601155,新城控股,江苏
1610,002722,金轮股份,江苏
1611,603028,赛福天,江苏
1612,300393,中来股份,江苏
1613,002024,苏宁云商,江苏
1614,000700,模塑科技,江苏
1615,300385,雪浪环境,江苏
1616,600220,江苏阳光,江苏
1617,002160,常铝股份,江苏
1618,600358,国旅联合,江苏
1619,000890,法 尔 胜,江苏
1620,300354,东华测试,江苏
1621,600400,红豆股份,江苏
1622,600406,国电南瑞,江苏
1623,600475,华光股份,江苏
1624,600481,双良节能,江苏
1625,000035,中国天楹,江苏
1626,600527,江南高纤,江苏
1627,600533,栖霞建设,江苏
1628,002659,中泰桥梁,江苏
1629,600401,海润光伏,江苏
1630,002156,通富微电,江苏
1631,002463,沪电股份,江苏
1632,300450,先导智能,江苏
1633,603900,通灵珠宝,江苏
1634,603358,华达科技,江苏
1635,603688,石英股份,江苏
1636,000816,智慧农业,江苏
1637,300325,德威新材,江苏
1638,300390,天华超净,江苏
1639,002391,长青股份,江苏
1640,002380,科远股份,江苏
1641,600105,永鼎股份,江苏
1642,600854,春兰股份,江苏
1643,600746,江苏索普,江苏
1644,002089,新 海 宜,江苏
1645,002839,张家港行,江苏
1646,300172,中电环保,江苏
1647,300201,海伦哲,江苏
1648,300209,天泽信息,江苏
1649,300215,电科院,江苏
1650,000727,华东科技,江苏
1651,603819,神力股份,江苏
1652,300240,飞力达,江苏
1653,300584,海辰药业,江苏
1654,300373,扬杰科技,江苏
1655,603878,武进不锈,江苏
1656,600280,中央商场,江苏
1657,300420,五洋科技,江苏
1658,000585,东北电气,江苏
1659,300537,广信材料,江苏
1660,002564,天沃科技,江苏
1661,002796,世嘉科技,江苏
1662,600377,宁沪高速,江苏
1663,002734,利民股份,江苏
1664,300466,赛摩电气,江苏
1665,600805,悦达投资,江苏
1666,600973,宝胜股份,江苏
1667,600268,国电南自,江苏
1668,002445,中南文化,江苏
1669,002127,南极电商,江苏
1670,300509,新美星,江苏
1671,000626,远大控股,江苏
1672,002559,亚威股份,江苏
1673,601008,连云港,江苏
1674,002450,康得新,江苏
1675,600970,中材国际,江苏
1676,002540,亚太科技,江苏
1677,002080,中材科技,江苏
1678,300447,全信股份,江苏
1679,601799,星宇股份,江苏
1680,601688,华泰证券,江苏
1681,600276,恒瑞医药,江苏
1682,300421,力星股份,江苏
1683,300292,吴通控股,江苏
1684,601009,南京银行,江苏
1685,002499,科林环保,江苏
1686,002692,睿康股份,江苏
1687,002484,江海股份,江苏
1688,000525,红 太 阳,江苏
1689,002471,中超控股,江苏
1690,002516,旷达科技,江苏
1691,002610,爱康科技,江苏
1692,002221,东华能源,江苏
1693,002530,丰东股份,江苏
1694,002395,双象股份,江苏
1695,002077,大港股份,江苏
1696,000551,创元科技,江苏
1697,002304,洋河股份,江苏
1698,601028,玉龙股份,江苏
1699,600099,林海股份,江苏
1700,000301,东方市场,江苏
1701,002015,霞客环保,江苏
1702,300217,东方电热,江苏
1703,000936,华西股份,江苏
1704,300279,和晶科技,江苏
1705,603828,柯利达,江苏
1706,600862,中航高科,江苏
1707,603800,道森股份,江苏
1708,002104,恒宝股份,江苏
1709,002631,德尔未来,江苏
1710,300169,天晟新材,江苏
1711,002546,新联电子,江苏
1712,002496,辉丰股份,江苏
1713,002274,华昌化工,江苏
1714,600122,宏图高科,江苏
1715,603699,纽威股份,江苏
1716,002513,*ST蓝丰,江苏
1717,603016,新宏泰,江苏
1718,002778,高科石化,江苏
1719,603518,维格娜丝,江苏
1720,603928,兴业股份,江苏
1721,600305,恒顺醋业,江苏
1722,600074,保千里,江苏
1723,300265,通光线缆,江苏
1724,300128,锦富技术,江苏
1725,002211,宏达新材,江苏
1726,601128,常熟银行,江苏
1727,601007,金陵饭店,江苏
1728,002262,恩华药业,江苏
1729,002349,精华制药,江苏
1730,603929,亚翔集成,江苏
1731,600128,弘业股份,江苏
1732,600889,南京化纤,江苏
1733,002531,天顺风能,江苏
1734,601010,文峰股份,江苏
1735,600078,澄星股份,江苏
1736,002455,百川股份,江苏
1737,600775,南京熊猫,江苏
1738,002491,通鼎互联,江苏
1739,600300,维维股份,江苏
1740,601500,通用股份,江苏
1741,300152,科融环境,江苏
1742,300013,新宁物流,江苏
1743,600716,凤凰股份,江苏
1744,002040,南 京 港,江苏
1745,600522,中天科技,江苏
1746,603416,信捷电气,江苏
1747,603090,宏盛股份,江苏
1748,002172,澳洋科技,江苏
1749,603339,四方冷链,江苏
1750,002309,中利集团,江苏
1751,600794,保税科技,江苏
1752,002071,长城影视,江苏
1753,002223,鱼跃医疗,江苏
1754,601555,东吴证券,江苏
1755,300280,南通锻压,江苏
1756,002165,红 宝 丽,江苏
1757,002182,云海金属,江苏
1758,300091,金通灵,江苏
1759,600513,联环药业,江苏
1760,300339,润和软件,江苏
1761,002585,双星新材,江苏
1762,002787,华源控股,江苏
1763,300228,富瑞特装,江苏
1764,600282,南钢股份,江苏
1765,300575,中旗股份,江苏
1766,300196,长海股份,江苏
1767,000418,小天鹅Ａ,江苏
1768,600667,太极实业,江苏
1769,600682,南京新百,江苏
1770,002245,澳洋顺昌,江苏
1771,603158,腾龙股份,江苏
1772,603018,中设集团,江苏
1773,300356,光一科技,江苏
1774,300258,精锻科技,江苏
1775,002550,千红制药,江苏
1776,300141,和顺电气,江苏
1777,300507,苏奥传感,江苏
1778,300160,秀强股份,江苏
1779,300555,路通视信,江苏
1780,002645,华宏科技,江苏
1781,603369,今世缘,江苏
1782,002808,苏州恒久,江苏
1783,000777,中核科技,江苏
1784,000738,中航动控,江苏
1785,603036,如通股份,江苏
1786,002157,正邦科技,江西
1787,000829,天音控股,江西
1788,600363,联创光电,江西
1789,002591,恒大高新,江西
1790,600507,方大特钢,江西
1791,000789,万年青,江西
1792,600053,九鼎投资,江西
1793,002176,江特电机,江西
1794,600461,洪城水业,江西
1795,300066,三川智慧,江西
1796,000650,仁和药业,江西
1797,600071,凤凰光学,江西
1798,300453,三鑫医疗,江西
1799,002460,赣锋锂业,江西
1800,600362,江西铜业,江西
1801,000550,江铃汽车,江西
1802,000990,诚志股份,江西
1803,002378,章源钨业,江西
1804,000404,华意压缩,江西
1805,300497,富祥股份,江西
1806,600590,泰豪科技,江西
1807,603977,国泰集团,江西
1808,600397,安源煤业,江西
1809,600561,江西长运,江西
1810,000899,赣能股份,江西
1811,600228,昌九生化,江西
1812,002748,世龙实业,江西
1813,300095,华伍股份,江西
1814,300294,博雅生物,江西
1815,600750,江中药业,江西
1816,600782,新钢股份,江西
1817,600316,洪都航空,江西
1818,002068,黑猫股份,江西
1819,002695,煌上煌,江西
1820,600373,中文传媒,江西
1821,600269,赣粤高速,江西
1822,600340,华夏幸福,河北
1823,600722,金牛化工,河北
1824,300446,乐凯新材,河北
1825,600480,凌云股份,河北
1826,000401,冀东水泥,河北
1827,300428,四通新材,河北
1828,600550,保变电气,河北
1829,600803,新奥股份,河北
1830,000937,冀中能源,河北
1831,000408,*ST金源,河北
1832,000687,华讯方舟,河北
1833,002442,龙星化工,河北
1834,000848,承德露露,河北
1835,300138,晨光生物,河北
1836,600155,宝硕股份,河北
1837,000600,建投能源,河北
1838,000778,新兴铸管,河北
1839,601000,唐山港,河北
1840,000709,河钢股份,河北
1841,002049,紫光国芯,河北
1842,600812,华北制药,河北
1843,600965,福成股份,河北
1844,601633,长城汽车,河北
1845,000413,东旭光电,河北
1846,300491,通合科技,河北
1847,002282,博深工具,河北
1848,300137,先河环保,河北
1849,002459,天业通联,河北
1850,002146,荣盛发展,河北
1851,002494,华斯股份,河北
1852,300368,汇金股份,河北
1853,300107,建新股份,河北
1854,600135,乐凯胶片,河北
1855,002603,以岭药业,河北
1856,002691,冀凯股份,河北
1857,000958,东方能源,河北
1858,600997,开滦股份,河北
1859,300081,恒信移动,河北
1860,000158,常山股份,河北
1861,600559,老白干酒,河北
1862,600482,中国动力,河北
1863,002108,沧州明珠,河北
1864,300255,常山药业,河北
1865,300371,汇中股份,河北
1866,601258,庞大集团,河北
1867,600409,三友化工,河北
1868,000889,茂业通信,河北
1869,002342,巨力索具,河北
1870,600149,廊坊发展,河北
1871,000856,*ST冀装,河北
1872,600230,*ST沧大,河北
1873,000923,河北宣工,河北
1874,600403,大有能源,河南
1875,001896,豫能控股,河南
1876,600876,洛阳玻璃,河南
1877,300259,新天科技,河南
1878,000949,新乡化纤,河南
1879,000895,双汇发展,河南
1880,601717,郑煤机,河南
1881,300080,易成新能,河南
1882,300179,四方达,河南
1883,300437,清水源,河南
1884,600810,神马股份,河南
1885,300064,豫金刚石,河南
1886,002477,雏鹰农牧,河南
1887,000544,中原环保,河南
1888,600595,中孚实业,河南
1889,601038,一拖股份,河南
1890,600569,安阳钢铁,河南
1891,002296,辉煌科技,河南
1892,002321,华英农业,河南
1893,300480,光力科技,河南
1894,002179,中航光电,河南
1895,600066,宇通客车,河南
1896,300481,濮阳惠成,河南
1897,603508,思维列控,河南
1898,600753,东方银星,河南
1899,300248,新开普,河南
1900,002423,*ST中特,河南
1901,000676,智度股份,河南
1902,002601,佰利联,河南
1903,000400,许继电气,河南
1904,002770,科迪乳业,河南
1905,002448,中原内配,河南
1906,002358,森源电气,河南
1907,601677,明泰铝业,河南
1908,600312,平高电气,河南
1909,002714,牧原股份,河南
1910,601666,平煤股份,河南
1911,600172,黄河旋风,河南
1912,002406,远东传动,河南
1913,600121,郑州煤电,河南
1914,002535,林州重机,河南
1915,603993,洛阳钼业,河南
1916,002132,恒星科技,河南
1917,000719,大地传媒,河南
1918,603566,普莱柯,河南
1919,600531,豫光金铅,河南
1920,600439,瑞贝卡,河南
1921,002560,通达股份,河南
1922,002046,轴研科技,河南
1923,600186,莲花健康,河南
1924,002007,华兰生物,河南
1925,002087,新野纺织,河南
1926,601608,中信重工,河南
1927,002407,多氟多,河南
1928,300007,汉威电子,河南
1929,600069,银鸽投资,河南
1930,000933,*ST神火,河南
1931,600207,安彩高科,河南
1932,600781,辅仁药业,河南
1933,600285,羚锐制药,河南
1934,600469,风神股份,河南
1935,300263,隆华节能,河南
1936,002216,三全食品,河南
1937,600020,中原高速,河南
1938,000885,同力水泥,河南
1939,601375,中原证券,河南
1940,002613,北玻股份,河南
1941,002582,好想你,河南
1942,002225,濮耐股份,河南
1943,002536,西泵股份,河南
1944,000612,焦作万方,河南
1945,603658,安图生物,河南
1946,002189,利达光电,河南
1947,600222,太龙药业,河南
1948,300109,新开源,河南
1949,000913,*ST钱江,浙江
1950,603618,杭电股份,浙江
1951,601116,三江购物,浙江
1952,600235,民丰特纸,浙江
1953,603908,牧高笛,浙江
1954,002056,横店东磁,浙江
1955,002332,仙琚制药,浙江
1956,603811,诚意药业,浙江
1957,603001,奥康国际,浙江
1958,603665,康隆达,浙江
1959,300461,田中精机,浙江
1960,603637,镇海股份,浙江
1961,600052,浙江广厦,浙江
1962,600120,浙江东方,浙江
1963,300439,美康生物,浙江
1964,002236,大华股份,浙江
1965,002699,美盛文化,浙江
1966,002404,嘉欣丝绸,浙江
1967,601579,会稽山,浙江
1968,002164,宁波东力,浙江
1969,601233,桐昆股份,浙江
1970,600668,尖峰集团,浙江
1971,002479,富春环保,浙江
1972,601877,正泰电器,浙江
1973,000558,莱茵体育,浙江
1974,002372,伟星新材,浙江
1975,300111,向日葵,浙江
1976,002427,尤夫股份,浙江
1977,300357,我武生物,浙江
1978,002756,永兴特钢,浙江
1979,603311,金海环境,浙江
1980,002126,银轮股份,浙江
1981,603222,济民制药,浙江
1982,600521,华海药业,浙江
1983,002415,海康威视,浙江
1984,600114,东睦股份,浙江
1985,601002,晋亿实业,浙江
1986,600576,万家文化,浙江
1987,000705,浙江震元,浙江
1988,002032,苏 泊 尔,浙江
1989,002586,围海股份,浙江
1990,603877,太平鸟,浙江
1991,600208,新湖中宝,浙江
1992,002021,中捷资源,浙江
1993,600160,巨化股份,浙江
1994,002067,景兴纸业,浙江
1995,603239,浙江仙通,浙江
1996,002020,京新药业,浙江
1997,000411,英特集团,浙江
1998,000925,众合科技,浙江
1999,600126,杭钢股份,浙江
2000,600176,中国巨石,浙江
2001,603208,江山欧派,浙江
2002,600724,宁波富达,浙江
2003,002214,大立科技,浙江
2004,002019,亿帆医药,浙江
2005,002375,亚厦股份,浙江
2006,002633,申科股份,浙江
2007,600491,龙元建设,浙江
2008,600232,金鹰股份,浙江
2009,002648,卫星石化,浙江
2010,002641,永高股份,浙江
2011,300181,佐力药业,浙江
2012,002625,龙生股份,浙江
2013,603889,新澳股份,浙江
2014,300411,金盾股份,浙江
2015,603799,华友钴业,浙江
2016,300401,花园生物,浙江
2017,600216,浙江医药,浙江
2018,002687,乔治白,浙江
2019,600273,嘉化能源,浙江
2020,600798,宁波海运,浙江
2021,600415,小商品城,浙江
2022,300451,创业软件,浙江
2023,002534,杭锅股份,浙江
2024,002493,荣盛石化,浙江
2025,002099,海翔药业,浙江
2026,603822,嘉澳环保,浙江
2027,600987,航民股份,浙江
2028,002632,道明光学,浙江
2029,002142,宁波银行,浙江
2030,603178,圣龙股份,浙江
2031,601137,博威合金,浙江
2032,601789,宁波建工,浙江
2033,002043,兔 宝 宝,浙江
2034,002001,新 和 成,浙江
2035,600366,宁波韵升,浙江
2036,600704,物产中大,浙江
2037,002629,仁智股份,浙江
2038,002634,棒杰股份,浙江
2039,002508,老板电器,浙江
2040,002010,传化智联,浙江
2041,002062,宏润建设,浙江
2042,002135,东南网架,浙江
2043,002389,南洋科技,浙江
2044,600526,菲达环保,浙江
2045,002133,广宇集团,浙江
2046,002318,久立特材,浙江
2047,002574,明牌珠宝,浙江
2048,002276,万马股份,浙江
2049,002012,凯恩股份,浙江
2050,002203,海亮股份,浙江
2051,002725,跃岭股份,浙江
2052,600283,钱江水利,浙江
2053,600477,杭萧钢构,浙江
2054,002244,滨江集团,浙江
2055,000918,嘉凯城,浙江
2056,603839,安正时尚,浙江
2057,002263,大 东 南,浙江
2058,600884,杉杉股份,浙江
2059,603300,华铁科技,浙江
2060,002472,双环传动,浙江
2061,603388,元成股份,浙江
2062,002515,金字火腿,浙江
2063,600699,均胜电子,浙江
2064,002440,闰土股份,浙江
2065,300300,汉鼎宇佑,浙江
2066,002112,三变科技,浙江
2067,600776,东方通信,浙江
2068,600580,卧龙电气,浙江
2069,002563,森马服饰,浙江
2070,002381,双箭股份,浙江
2071,002624,完美世界,浙江
2072,000963,华东医药,浙江
2073,600683,京投发展,浙江
2074,002173,*ST创疗,浙江
2075,002011,盾安环境,浙江
2076,002801,微光股份,浙江
2077,002473,圣莱达,浙江
2078,002767,先锋电子,浙江
2079,600352,浙江龙盛,浙江
2080,300349,金卡股份,浙江
2081,300257,开山股份,浙江
2082,002199,*ST东晶,浙江
2083,600130,波导股份,浙江
2084,300025,华星创业,浙江
2085,000607,华媒控股,浙江
2086,300329,海伦钢琴,浙江
2087,002619,巨龙管业,浙江
2088,002064,华峰氨纶,浙江
2089,002050,三花智控,浙江
2090,300478,杭州高新,浙江
2091,300078,思创医惠,浙江
2092,300250,初灵信息,浙江
2093,601567,三星医疗,浙江
2094,002602,世纪华通,浙江
2095,603008,喜临门,浙江
2096,603816,顾家家居,浙江
2097,002273,水晶光电,浙江
2098,603997,继峰股份,浙江
2099,300256,星星科技,浙江
2100,603556,海兴电力,浙江
2101,603520,司太立,浙江
2102,300270,中威电子,浙江
2103,002444,巨星科技,浙江
2104,002224,三 力 士,浙江
2105,002370,亚太药业,浙江
2106,002364,中恒电气,浙江
2107,002532,新界泵业,浙江
2108,002247,帝龙文化,浙江
2109,300488,恒锋工具,浙江
2110,600177,雅戈尔,浙江
2111,002637,赞宇科技,浙江
2112,002119,康强电子,浙江
2113,002124,天邦股份,浙江
2114,002034,美 欣 达,浙江
2115,300441,鲍斯股份,浙江
2116,300033,同花顺,浙江
2117,000559,万向钱潮,浙江
2118,603568,伟明环保,浙江
2119,002048,宁波华翔,浙江
2120,600570,恒生电子,浙江
2121,002617,露笑科技,浙江
2122,600070,浙江富润,浙江
2123,300548,博创科技,浙江
2124,603116,红蜻蜓,浙江
2125,300020,银江股份,浙江
2126,002284,亚太股份,浙江
2127,600572,康恩贝,浙江
2128,600926,杭州银行,浙江
2129,603088,宁波精达,浙江
2130,300118,东方日升,浙江
2131,300144,宋城演艺,浙江
2132,300550,和仁科技,浙江
2133,600671,天目药业,浙江
2134,300553,集智股份,浙江
2135,002718,友邦吊顶,浙江
2136,002085,万丰奥威,浙江
2137,300145,中金环境,浙江
2138,603726,朗迪集团,浙江
2139,002712,思美传媒,浙江
2140,603703,盛洋科技,浙江
2141,300032,金龙机电,浙江
2142,603015,弘讯科技,浙江
2143,600797,浙大网新,浙江
2144,002703,浙江世宝,浙江
2145,603611,诺力股份,浙江
2146,002103,广博股份,浙江
2147,601689,拓普集团,浙江
2148,300360,炬华科技,浙江
2149,002730,电光科技,浙江
2150,600796,钱江生化,浙江
2151,603085,天成自控,浙江
2152,603558,健盛集团,浙江
2153,603578,三星新材,浙江
2154,300347,泰格医药,浙江
2155,002120,韵达股份,浙江
2156,600261,阳光照明,浙江
2157,600077,宋都股份,浙江
2158,300203,聚光科技,浙江
2159,002590,万安科技,浙江
2160,300163,先锋新材,浙江
2161,002686,亿利达,浙江
2162,300316,晶盛机电,浙江
2163,002206,海 利 得,浙江
2164,002266,浙富控股,浙江
2165,300582,英飞特,浙江
2166,300539,横河模具,浙江
2167,600023,浙能电力,浙江
2168,603337,杰克股份,浙江
2169,603168,莎普爱思,浙江
2170,300133,华策影视,浙江
2171,603266,天龙股份,浙江
2172,600113,浙江东日,浙江
2173,600059,古越龙山,浙江
2174,002677,浙江美大,浙江
2175,300558,贝达药业,浙江
2176,600460,士兰微,浙江
2177,002779,中坚科技,浙江
2178,603186,华正新材,浙江
2179,000517,荣安地产,浙江
2180,002036,联创电子,浙江
2181,002758,华通医药,浙江
2182,002430,杭氧股份,浙江
2183,603788,宁波高发,浙江
2184,300351,永贵电器,浙江
2185,002468,申通快递,浙江
2186,600677,航天通信,浙江
2187,601882,海天精工,浙江
2188,300244,迪安诊断,浙江
2189,603298,杭叉集团,浙江
2190,603823,百合花,浙江
2191,002188,巴士在线,浙江
2192,002418,康盛股份,浙江
2193,002443,金洲管道,浙江
2194,600763,通策医疗,浙江
2195,002570,贝因美,浙江
2196,300100,双林股份,浙江
2197,002664,信质电机,浙江
2198,603165,荣晟环保,浙江
2199,002344,海宁皮城,浙江
2200,603600,永艺股份,浙江
2201,300566,激智科技,浙江
2202,603677,奇精机械,浙江
2203,002795,永和智控,浙江
2204,300459,金科娱乐,浙江
2205,002144,宏达高科,浙江
2206,603667,五洲新春,浙江
2207,300412,迦南科技,浙江
2208,002840,华统股份,浙江
2209,300512,中亚股份,浙江
2210,300113,顺网科技,浙江
2211,600051,宁波联合,浙江
2212,002552,宝鼎科技,浙江
2213,600571,信雅达,浙江
2214,300426,唐德影视,浙江
2215,600982,宁波热电,浙江
2216,600865,百大集团,浙江
2217,002154,报 喜 鸟,浙江
2218,300611,美力科技,浙江
2219,000909,数源科技,浙江
2220,000739,普洛药业,浙江
2221,603177,德创环保,浙江
2222,603606,东方电缆,浙江
2223,002131,利欧股份,浙江
2224,300314,戴维医疗,浙江
2225,002849,威星智能,浙江
2226,002061,*ST江化,浙江
2227,002082,栋梁新材,浙江
2228,603238,诺邦股份,浙江
2229,603996,中新科技,浙江
2230,002115,三维通信,浙江
2231,002122,天马股份,浙江
2232,002569,步森股份,浙江
2233,002615,哈尔斯,浙江
2234,002095,生 意 宝,浙江
2235,603040,新坐标,浙江
2236,300027,华谊兄弟,浙江
2237,002488,金固股份,浙江
2238,600226,升华拜克,浙江
2239,600857,宁波中百,浙江
2240,600330,天通股份,浙江
2241,300435,中泰股份,浙江
2242,002006,精功科技,浙江
2243,000156,华数传媒,浙江
2244,002003,伟星股份,浙江
2245,300068,南都电源,浙江
2246,300283,温州宏丰,浙江
2247,300587,天铁股份,浙江
2248,002793,东音股份,浙江
2249,300076,GQY视讯,浙江
2250,002403,爱仕达,浙江
2251,002196,方正电机,浙江
2252,600768,宁波富邦,浙江
2253,600790,轻纺城,浙江
2254,601018,宁波港,浙江
2255,603901,永创智能,浙江
2256,002250,联化科技,浙江
2257,601113,华鼎股份,浙江
2258,002489,浙江永强,浙江
2259,002562,兄弟科技,浙江
2260,600290,华仪电气,浙江
2261,603218,日月股份,浙江
2262,600830,香溢融通,浙江
2263,601339,百隆东方,浙江
2264,600814,杭州解百,浙江
2265,600512,腾达建设,浙江
2266,601177,杭齿前进,浙江
2267,603010,万盛股份,浙江
2268,002522,浙江众成,浙江
2269,603089,正裕工业,浙江
2270,300069,金利华电,浙江
2271,603338,浙江鼎力,浙江
2272,603806,福斯特,浙江
2273,603258,电魂网络,浙江
2274,603456,九洲药业,浙江
2275,002343,慈文传媒,浙江
2276,300519,新光药业,浙江
2277,300571,平治信息,浙江
2278,600596,新安股份,浙江
2279,002434,万里扬,浙江
2280,300234,开尔新材,浙江
2281,300266,兴源环境,浙江
2282,002322,理工环科,浙江
2283,600267,海正药业,浙江
2284,000967,盈峰环境,浙江
2285,600175,美都能源,浙江
2286,002520,日发精机,浙江
2287,600633,浙报传媒,浙江
2288,002280,联络互动,浙江
2289,002647,宏磊股份,浙江
2290,300307,慈星股份,浙江
2291,002326,永太科技,浙江
2292,600537,亿晶光电,浙江
2293,600173,卧龙地产,浙江
2294,603033,三维股份,浙江
2295,603701,德宏股份,浙江
2296,600387,海越股份,浙江
2297,603789,星光农机,浙江
2298,600152,维科精华,浙江
2299,300306,远方光电,浙江
2300,000505,*ST珠江,海南
2301,600555,海航创新,海南
2302,000503,海虹控股,海南
2303,000571,新大洲Ａ,海南
2304,000735,罗 牛 山,海南
2305,600759,洲际油气,海南
2306,000886,海南高速,海南
2307,000566,海南海药,海南
2308,000567,海德股份,海南
2309,603069,海汽集团,海南
2310,600896,览海投资,海南
2311,601118,海南橡胶,海南
2312,002596,海南瑞泽,海南
2313,002693,双成药业,海南
2314,000955,欣龙控股,海南
2315,600209,罗顿发展,海南
2316,600515,海航基础,海南
2317,600238,海南椰岛,海南
2318,000793,华闻传媒,海南
2319,300086,康芝药业,海南
2320,000572,海马汽车,海南
2321,600221,海南航空,海南
2322,300189,神农基因,海南
2323,000613,大东海A,海南
2324,002320,海峡股份,海南
2325,000657,中钨高新,海南
2326,600259,广晟有色,海南
2327,601969,海南矿业,海南
2328,300484,蓝海华腾,深圳
2329,300389,艾比森,深圳
2330,002831,裕同科技,深圳
2331,002336,*ST人乐,深圳
2332,002786,银宝山新,深圳
2333,300518,盛讯达,深圳
2334,002388,新亚制程,深圳
2335,002769,普路通,深圳
2336,000099,中信海直,深圳
2337,300533,冰川网络,深圳
2338,600999,招商证券,深圳
2339,002429,兆驰股份,深圳
2340,300457,赢合科技,深圳
2341,300319,麦捷科技,深圳
2342,300130,新国都,深圳
2343,002416,爱施德,深圳
2344,002138,顺络电子,深圳
2345,000058,深 赛 格,深圳
2346,300134,大富科技,深圳
2347,603228,景旺电子,深圳
2348,000005,世纪星源,深圳
2349,300154,瑞凌股份,深圳
2350,000060,中金岭南,深圳
2351,002816,和科达,深圳
2352,002294,信立泰,深圳
2353,002356,赫美集团,深圳
2354,300085,银之杰,深圳
2355,601333,广深铁路,深圳
2356,000001,平安银行,深圳
2357,002139,拓邦股份,深圳
2358,002618,丹邦科技,深圳
2359,600892,大晟文化,深圳
2360,603160,汇顶科技,深圳
2361,000012,南 玻Ａ,深圳
2362,600383,金地集团,深圳
2363,300506,名家汇,深圳
2364,002475,立讯精密,深圳
2365,002436,兴森科技,深圳
2366,002047,宝鹰股份,深圳
2367,300602,飞荣达,深圳
2368,000011,深物业A,深圳
2369,002660,茂硕电源,深圳
2370,000555,神州信息,深圳
2371,000088,盐 田 港,深圳
2372,300162,雷曼股份,深圳
2373,002789,建艺集团,深圳
2374,002811,亚泰国际,深圳
2375,300136,信维通信,深圳
2376,002518,科士达,深圳
2377,600162,香江控股,深圳
2378,000069,华侨城Ａ,深圳
2379,300115,长盈精密,深圳
2380,002551,尚荣医疗,深圳
2381,002055,得润电子,深圳
2382,300193,佳士科技,深圳
2383,300333,兆日科技,深圳
2384,300277,海联讯,深圳
2385,002121,科陆电子,深圳
2386,300565,科信技术,深圳
2387,002813,路畅科技,深圳
2388,000025,特 力Ａ,深圳
2389,002008,大族激光,深圳
2390,000050,深天马Ａ,深圳
2391,000056,皇庭国际,深圳
2392,000061,农 产 品,深圳
2393,000068,华控赛格,深圳
2394,002837,英维克,深圳
2395,300622,博士眼镜,深圳
2396,002766,索菱股份,深圳
2397,000045,深纺织Ａ,深圳
2398,000038,深大通,深圳
2399,000026,飞亚达Ａ,深圳
2400,002830,名雕股份,深圳
2401,300621,维业股份,深圳
2402,001979,招商蛇口,深圳
2403,002528,英飞拓,深圳
2404,002218,拓日新能,深圳
2405,002168,深圳惠程,深圳
2406,002130,沃尔核材,深圳
2407,300124,汇川技术,深圳
2408,300546,雄帝科技,深圳
2409,300207,欣旺达,深圳
2410,002851,麦格米特,深圳
2411,002850,科达利,深圳
2412,000043,中航地产,深圳
2413,000096,广聚能源,深圳
2414,002303,美盈森,深圳
2415,000033,*ST新都,深圳
2416,300615,欣天科技,深圳
2417,300601,康泰生物,深圳
2418,002183,怡 亚 通,深圳
2419,000048,康达尔,深圳
2420,000042,中洲控股,深圳
2421,300077,国民技术,深圳
2422,000020,深华发Ａ,深圳
2423,002301,齐心集团,深圳
2424,002583,海能达,深圳
2425,002822,中装建设,深圳
2426,002191,劲嘉股份,深圳
2427,300227,光韵达,深圳
2428,000036,华联控股,深圳
2429,000009,中国宝安,深圳
2430,002740,爱迪尔,深圳
2431,002735,王子新材,深圳
2432,002724,海洋王,深圳
2433,002681,奋达科技,深圳
2434,300570,太辰光,深圳
2435,603808,歌力思,深圳
2436,002161,远 望 谷,深圳
2437,300037,新宙邦,深圳
2438,002316,键桥通讯,深圳
2439,300112,万讯自控,深圳
2440,000028,国药一致,深圳
2441,002421,达实智能,深圳
2442,000007,全新好,深圳
2443,000017,深中华A,深圳
2444,000078,海王生物,深圳
2445,002238,天威视讯,深圳
2446,000021,深科技,深圳
2447,002197,证通电子,深圳
2448,000027,深圳能源,深圳
2449,002823,凯中精密,深圳
2450,000029,深深房Ａ,深圳
2451,000049,德赛电池,深圳
2452,000004,国农科技,深圳
2453,300252,金信诺,深圳
2454,300301,长方集团,深圳
2455,300269,联建光电,深圳
2456,002587,奥拓电子,深圳
2457,300531,优博讯,深圳
2458,002285,世联行,深圳
2459,300167,迪威视讯,深圳
2460,002456,欧菲光,深圳
2461,002351,漫步者,深圳
2462,002369,卓翼科技,深圳
2463,002105,信隆健康,深圳
2464,000999,华润三九,深圳
2465,002751,易尚展示,深圳
2466,002797,第一创业,深圳
2467,000006,深振业Ａ,深圳
2468,000023,深天地Ａ,深圳
2469,300042,朗科科技,深圳
2470,002654,万润科技,深圳
2471,002733,雄韬股份,深圳
2472,002419,天虹商场,深圳
2473,600548,深高速,深圳
2474,000062,深圳华强,深圳
2475,601318,中国平安,深圳
2476,002835,同为股份,深圳
2477,002327,富安娜,深圳
2478,300232,洲明科技,深圳
2479,002482,广田集团,深圳
2480,000016,深康佳Ａ,深圳
2481,600030,中信证券,深圳
2482,002609,捷顺科技,深圳
2483,600380,健康元,深圳
2484,002340,格林美,深圳
2485,002137,麦达数字,深圳
2486,002845,同兴达,深圳
2487,300264,佳创视讯,深圳
2488,300206,理邦仪器,深圳
2489,300400,劲拓股份,深圳
2490,000014,沙河股份,深圳
2491,601139,深圳燃气,深圳
2492,002402,和而泰,深圳
2493,300538,同益股份,深圳
2494,300241,瑞丰光电,深圳
2495,000032,深桑达Ａ,深圳
2496,300197,铁汉生态,深圳
2497,002215,诺 普 信,深圳
2498,300199,翰宇药业,深圳
2499,300468,四方精创,深圳
2500,002399,海普瑞,深圳
2501,000037,*ST南电A,深圳
2502,002334,英威腾,深圳
2503,002782,可立克,深圳
2504,000002,万 科Ａ,深圳
2505,300543,朗科智能,深圳
2506,300532,今天国际,深圳
2507,002163,中航三鑫,深圳
2508,600525,长园集团,深圳
2509,000090,天健集团,深圳
2510,600446,金证股份,深圳
2511,300350,华鹏飞,深圳
2512,300012,华测检测,深圳
2513,000066,长城电脑,深圳
2514,300235,方直科技,深圳
2515,300044,赛为智能,深圳
2516,300377,赢时胜,深圳
2517,300572,安车检测,深圳
2518,300151,昌红科技,深圳
2519,002548,金新农,深圳
2520,002594,比亚迪,深圳
2521,000063,中兴通讯,深圳
2522,002763,汇洁股份,深圳
2523,300047,天源迪科,深圳
2524,002736,国信证券,深圳
2525,002314,南山控股,深圳
2526,002325,洪涛股份,深圳
2527,000055,方大集团,深圳
2528,600462,九有股份,深圳
2529,300348,长亮科技,深圳
2530,002210,飞马国际,深圳
2531,300556,丝路视觉,深圳
2532,002213,特 尔 佳,深圳
2533,002256,兆新股份,深圳
2534,000034,神州数码,深圳
2535,002341,新纶科技,深圳
2536,600036,招商银行,深圳
2537,000040,东旭蓝天,深圳
2538,000070,特发信息,深圳
2539,002170,芭田股份,深圳
2540,603118,共进股份,深圳
2541,002243,通产丽星,深圳
2542,300131,英唐智控,深圳
2543,000039,中集集团,深圳
2544,000022,深赤湾Ａ,深圳
2545,300576,容大感光,深圳
2546,300545,联得装备,深圳
2547,300303,聚飞光电,深圳
2548,300178,腾邦国际,深圳
2549,002106,莱宝高科,深圳
2550,002577,雷柏科技,深圳
2551,000089,深圳机场,深圳
2552,002815,崇达技术,深圳
2553,000019,深深宝Ａ,深圳
2554,300317,珈伟股份,深圳
2555,002052,同洲电子,深圳
2556,002781,奇信股份,深圳
2557,002313,日海通讯,深圳
2558,002289,*ST宇顺,深圳
2559,000031,中粮地产,深圳
2560,000018,神州长城,深圳
2561,300052,中青宝,深圳
2562,002227,奥 特 迅,深圳
2563,000010,美丽生态,深圳
2564,002775,文科园林,深圳
2565,300568,星源材质,深圳
2566,002620,瑞和股份,深圳
2567,300516,久之洋,湖北
2568,300278,华昌达,湖北
2569,600879,航天电子,湖北
2570,600184,光电股份,湖北
2571,002159,三特索道,湖北
2572,000759,中百集团,湖北
2573,600498,烽火通信,湖北
2574,300536,农尚环境,湖北
2575,600141,兴发集团,湖北
2576,300323,华灿光电,湖北
2577,600745,中茵股份,湖北
2578,002377,国创高新,湖北
2579,000708,大冶特钢,湖北
2580,000971,高升控股,湖北
2581,002783,凯龙股份,湖北
2582,300494,盛天网络,湖北
2583,600566,济川药业,湖北
2584,600976,健民集团,湖北
2585,600079,人福医药,湖北
2586,002694,顾地科技,湖北
2587,600774,汉商集团,湖北
2588,603738,泰晶科技,湖北
2589,300557,理工光科,湖北
2590,000852,石化机械,湖北
2591,600355,精伦电子,湖北
2592,300517,海波重科,湖北
2593,000670,*ST盈方,湖北
2594,000501,鄂武商Ａ,湖北
2595,300567,精测电子,湖北
2596,600421,仰帆控股,湖北
2597,603067,振华股份,湖北
2598,000939,凯迪生态,湖北
2599,600993,马应龙,湖北
2600,000615,京汉股份,湖北
2601,300054,鼎龙股份,湖北
2602,300161,华中数控,湖北
2603,600801,华新水泥,湖北
2604,600275,武昌鱼,湖北
2605,600068,葛洲坝,湖北
2606,000783,长江证券,湖北
2607,300205,天喻信息,湖北
2608,000678,襄阳轴承,湖北
2609,300041,回天新材,湖北
2610,000665,湖北广电,湖北
2611,600086,东方金钰,湖北
2612,000520,长航凤凰,湖北
2613,300184,力源信息,湖北
2614,300387,富邦股份,湖北
2615,600035,楚天高速,湖北
2616,000902,新洋丰,湖北
2617,600885,宏发股份,湖北
2618,000883,湖北能源,湖北
2619,600107,美尔雅,湖北
2620,000760,斯太尔,湖北
2621,000952,广济药业,湖北
2622,000553,沙隆达Ａ,湖北
2623,002194,武汉凡谷,湖北
2624,000826,启迪桑德,湖北
2625,600293,三峡新材,湖北
2626,600757,长江传媒,湖北
2627,603716,塞力斯,湖北
2628,600133,东湖高新,湖北
2629,600006,东风汽车,湖北
2630,002627,宜昌交运,湖北
2631,300018,中元股份,湖北
2632,600769,祥龙电业,湖北
2633,600345,长江通信,湖北
2634,000707,双环科技,湖北
2635,600568,中珠医疗,湖北
2636,000821,京山轻机,湖北
2637,002013,中航机电,湖北
2638,000785,武汉中商,湖北
2639,000966,长源电力,湖北
2640,300395,菲利华,湖北
2641,600168,武汉控股,湖北
2642,000988,华工科技,湖北
2643,002305,南国置业,湖北
2644,600298,安琪酵母,湖北
2645,000422,湖北宜化,湖北
2646,000926,福星股份,湖北
2647,600703,三安光电,湖北
2648,600998,九州通,湖北
2649,300220,金运激光,湖北
2650,300046,台基股份,湖北
2651,002414,高德红外,湖北
2652,300276,三丰智能,湖北
2653,002281,光迅科技,湖北
2654,300527,华舟应急,湖北
2655,002365,永安药业,湖北
2656,600136,当代明诚,湖北
2657,600681,百川能源,湖北
2658,601311,骆驼股份,湖北
2659,000627,天茂集团,湖北
2660,600260,凯乐科技,湖北
2661,002277,友阿股份,湖南
2662,002261,拓维信息,湖南
2663,601098,中南传媒,湖南
2664,300298,三诺生物,湖南
2665,002533,金杯电工,湖南
2666,000819,岳阳兴长,湖南
2667,002096,南岭民爆,湖南
2668,000998,隆平高科,湖南
2669,600156,华升股份,湖南
2670,002397,梦洁股份,湖南
2671,600390,*ST金瑞,湖南
2672,600127,金健米业,湖南
2673,000908,景峰医药,湖南
2674,600031,三一重工,湖南
2675,603959,百利科技,湖南
2676,300515,三德科技,湖南
2677,000590,启迪古汉,湖南
2678,002251,步 步 高,湖南
2679,300035,中科电气,湖南
2680,002661,克明面业,湖南
2681,002125,湘潭电化,湖南
2682,000900,现代投资,湖南
2683,600963,岳阳林纸,湖南
2684,002452,长高集团,湖南
2685,000722,湖南发展,湖南
2686,603319,湘油泵,湖南
2687,002505,大康农业,湖南
2688,002843,泰嘉股份,湖南
2689,000989,九 芝 堂,湖南
2690,601901,方正证券,湖南
2691,000504,*ST生物,湖南
2692,002567,唐人神,湖南
2693,300490,华自科技,湖南
2694,300148,天舟文化,湖南
2695,300338,开元仪器,湖南
2696,600479,千金药业,湖南
2697,300474,景嘉微,湖南
2698,002761,多喜爱,湖南
2699,300592,华凯创意,湖南
2700,002113,天润数娱,湖南
2701,300123,太阳鸟,湖南
2702,002852,道道全,湖南
2703,002848,高斯贝尔,湖南
2704,002847,盐津铺子,湖南
2705,000702,正虹科技,湖南
2706,000519,中兵红箭,湖南
2707,300216,千山药机,湖南
2708,300345,红宇新材,湖南
2709,002412,汉森制药,湖南
2710,600458,时代新材,湖南
2711,600731,湖南海利,湖南
2712,002716,金贵银业,湖南
2713,000430,张家界,湖南
2714,600975,新五丰,湖南
2715,300268,万福生科,湖南
2716,000906,浙商中拓,湖南
2717,600969,郴电国际,湖南
2718,300015,爱尔眼科,湖南
2719,600476,湘邮科技,湖南
2720,000428,华天酒店,湖南
2721,002650,加加食品,湖南
2722,603989,艾华集团,湖南
2723,603998,方盛制药,湖南
2724,600257,大湖股份,湖南
2725,601636,旗滨集团,湖南
2726,603939,益丰药房,湖南
2727,600961,株冶集团,湖南
2728,603883,老百姓,湖南
2729,300267,尔康制药,湖南
2730,002155,湖南黄金,湖南
2731,300433,蓝思科技,湖南
2732,000917,电广传媒,湖南
2733,000932,华菱钢铁,湖南
2734,002523,天桥起重,湖南
2735,300187,永清环保,湖南
2736,002297,博云新材,湖南
2737,000419,通程控股,湖南
2738,002549,凯美特气,湖南
2739,000799,酒鬼酒,湖南
2740,600478,科力远,湖南
2741,002097,山河智能,湖南
2742,600416,湘电股份,湖南
2743,600599,熊猫金控,湖南
2744,000548,湖南投资,湖南
2745,000157,中联重科,湖南
2746,600744,华银电力,湖南
2747,300358,楚天科技,湖南
2748,600698,湖南天雁,湖南
2749,300413,快乐购,湖南
2750,000622,*ST恒立,湖南
2751,000552,靖远煤电,甘肃
2752,000981,银亿股份,甘肃
2753,600354,敦煌种业,甘肃
2754,000779,三毛派神,甘肃
2755,600516,方大炭素,甘肃
2756,600543,莫高股份,甘肃
2757,600307,酒钢宏兴,甘肃
2758,300084,海默科技,甘肃
2759,000691,ST亚太,甘肃
2760,002772,众兴菌业,甘肃
2761,000995,*ST皇台,甘肃
2762,002185,华天科技,甘肃
2763,600720,祁连山,甘肃
2764,600192,长城电工,甘肃
2765,300021,大禹节水,甘肃
2766,600311,荣华实业,甘肃
2767,000791,甘肃电投,甘肃
2768,600738,兰州民百,甘肃
2769,600687,刚泰控股,甘肃
2770,603999,读者传媒,甘肃
2771,603919,金徽酒,甘肃
2772,002219,恒康医疗,甘肃
2773,002145,中核钛白,甘肃
2774,603169,兰石重装,甘肃
2775,600108,亚盛集团,甘肃
2776,000672,上峰水泥,甘肃
2777,000929,兰州黄河,甘肃
2778,601798,蓝科高新,甘肃
2779,002644,佛慈制药,甘肃
2780,300534,陇神戎发,甘肃
2781,601212,白银有色,甘肃
2782,002639,雪人股份,福建
2783,600483,福能股份,福建
2784,002682,龙洲股份,福建
2785,000732,泰禾集团,福建
2786,603306,华懋科技,福建
2787,600592,龙溪股份,福建
2788,601899,紫金矿业,福建
2789,603663,三祥新材,福建
2790,601377,兴业证券,福建
2791,600660,福耀玻璃,福建
2792,600103,青山纸业,福建
2793,002098,浔兴股份,福建
2794,600033,福建高速,福建
2795,300299,富春通信,福建
2796,002614,蒙发利,福建
2797,002752,N兴股份,福建
2798,000547,航天发展,福建
2799,002517,恺英网络,福建
2800,002070,众和股份,福建
2801,600203,福日电子,福建
2802,000632,三木集团,福建
2803,601566,九牧王,福建
2804,002803,吉宏股份,福建
2805,300436,广生堂,福建
2806,300102,乾照光电,福建
2807,002417,三元达,福建
2808,002626,金达威,福建
2809,600870,厦华电子,福建
2810,600057,象屿股份,福建
2811,601933,永辉超市,福建
2812,603628,清源股份,福建
2813,600153,建发股份,福建
2814,603555,贵人鸟,福建
2815,000753,漳州发展,福建
2816,600067,冠城大通,福建
2817,000993,闽东电力,福建
2818,300525,博思软件,福建
2819,000663,永安林业,福建
2820,600711,盛屯矿业,福建
2821,002396,星网锐捷,福建
2822,002110,三钢闽光,福建
2823,600549,厦门钨业,福建
2824,000797,中国武夷,福建
2825,600734,实达集团,福建
2826,603444,吉比特,福建
2827,300096,易联众,福建
2828,000997,新 大 陆,福建
2829,300188,美亚柏科,福建
2830,002788,鹭燕医药,福建
2831,603678,火炬电子,福建
2832,002679,福建金森,福建
2833,600755,厦门国贸,福建
2834,002222,福晶科技,福建
2835,000671,阳 光 城,福建
2836,002398,建研集团,福建
2837,600802,福建水泥,福建
2838,002674,兴业科技,福建
2839,600897,厦门空港,福建
2840,300051,三五互联,福建
2841,002593,日上集团,福建
2842,300198,纳川股份,福建
2843,600563,法拉电子,福建
2844,300062,中能电气,福建
2845,601166,兴业银行,福建
2846,600388,龙净环保,福建
2847,300560,中富通,福建
2848,000905,厦门港务,福建
2849,002335,科华恒盛,福建
2850,000536,华映科技,福建
2851,002729,好利来,福建
2852,002264,新 华 都,福建
2853,002093,国脉科技,福建
2854,002174,游族网络,福建
2855,002529,海源机械,福建
2856,300427,红相电力,福建
2857,600163,中闽能源,福建
2858,600815,厦工股份,福建
2859,300174,元力股份,福建
2860,002029,七 匹 狼,福建
2861,300341,麦迪电气,福建
2862,000701,厦门信达,福建
2863,603696,安记食品,福建
2864,600436,片仔癀,福建
2865,002102,冠福股份,福建
2866,600603,*ST兴业,福建
2867,603636,南威软件,福建
2868,002299,圣农发展,福建
2869,002790,瑞尔特,福建
2870,603345,安井食品,福建
2871,002229,鸿博股份,福建
2872,300056,三维丝,福建
2873,603909,合诚股份,福建
2874,300132,青松股份,福建
2875,300605,恒锋信息,福建
2876,002235,安妮股份,福建
2877,000592,平潭发展,福建
2878,002578,闽发铝业,福建
2879,002702,海欣食品,福建
2880,002228,合兴包装,福建
2881,002474,榕基软件,福建
2882,002509,天广中茂,福建
2883,603615,茶花股份,福建
2884,600693,东百集团,福建
2885,002785,万里石,福建
2886,600493,凤竹纺织,福建
2887,603686,龙马环卫,福建
2888,000526,紫光学大,福建
2889,603817,海峡环保,福建
2890,603737,三棵树,福建
2891,600573,惠泉啤酒,福建
2892,002300,太阳电缆,福建
2893,603668,天马科技,福建
2894,600686,金龙汽车,福建
2895,600749,西藏旅游,西藏
2896,000762,西藏矿业,西藏
2897,000752,西藏发展,西藏
2898,600211,西藏药业,西藏
2899,600873,梅花生物,西藏
2900,002653,海思科,西藏
2901,002287,奇正藏药,西藏
2902,600326,西藏天路,西藏
2903,002826,易明医药,西藏
2904,600773,西藏城投,西藏
2905,601020,华钰矿业,西藏
2906,002827,高争民爆,西藏
2907,600338,西藏珠峰,西藏
2908,603669,灵康药业,西藏
2909,002390,信邦制药,贵州
2910,600227,赤天化,贵州
2911,300288,朗玛信息,贵州
2912,002424,贵州百灵,贵州
2913,600523,贵航股份,贵州
2914,603058,永吉股份,贵州
2915,002039,黔源电力,贵州
2916,002025,航天电器,贵州
2917,601997,贵阳银行,贵州
2918,600594,益佰制药,贵州
2919,600395,盘江股份,贵州
2920,000851,高鸿股份,贵州
2921,600367,红星发展,贵州
2922,000589,黔轮胎Ａ,贵州
2923,000733,振华科技,贵州
2924,002037,久联发展,贵州
2925,600992,贵绳股份,贵州
2926,600112,天成控股,贵州
2927,600519,贵州茅台,贵州
2928,600996,贵广网络,贵州
2929,000540,中天城投,贵州
2930,600765,中航重机,贵州
2931,000920,南方汇通,贵州
2932,601999,出版传媒,辽宁
2933,603399,新华龙,辽宁
2934,603866,桃李面包,辽宁
2935,600346,恒力股份,辽宁
2936,300024,机器人,辽宁
2937,000698,沈阳化工,辽宁
2938,603315,福鞍股份,辽宁
2939,000898,鞍钢股份,辽宁
2940,002231,奥维通信,辽宁
2941,300097,智云股份,辽宁
2942,000511,*ST烯碳,辽宁
2943,000633,*ST合金,辽宁
2944,300293,蓝英装备,辽宁
2945,000638,万方发展,辽宁
2946,000751,锌业股份,辽宁
2947,300082,奥克股份,辽宁
2948,600399,抚顺特钢,辽宁
2949,300210,森远股份,辽宁
2950,600715,文投控股,辽宁
2951,600306,*ST商城,辽宁
2952,002606,大连电瓷,辽宁
2953,603360,百傲化学,辽宁
2954,600231,凌钢股份,辽宁
2955,002354,天神娱乐,辽宁
2956,600719,大连热电,辽宁
2957,000530,大冷股份,辽宁
2958,002689,远大智能,辽宁
2959,002123,梦网荣信,辽宁
2960,000679,大连友谊,辽宁
2961,002621,三垒股份,辽宁
2962,600317,营口港,辽宁
2963,300405,科隆精化,辽宁
2964,000410,沈阳机床,辽宁
2965,600747,大连控股,辽宁
2966,600694,大商股份,辽宁
2967,600593,大连圣亚,辽宁
2968,002220,天宝股份,辽宁
2969,000616,海航投资,辽宁
2970,300372,欣泰电气,辽宁
2971,600241,时代万恒,辽宁
2972,600125,铁龙物流,辽宁
2973,600609,金杯汽车,辽宁
2974,000059,华锦股份,辽宁
2975,600718,东软集团,辽宁
2976,300125,易世达,辽宁
2977,603609,禾丰牧业,辽宁
2978,002447,壹桥股份,辽宁
2979,600795,国电电力,辽宁
2980,600739,辽宁成大,辽宁
2981,600758,红阳能源,辽宁
2982,002667,鞍重股份,辽宁
2983,000818,方大化工,辽宁
2984,600190,锦州港,辽宁
2985,000809,铁岭新城,辽宁
2986,000881,大连国际,辽宁
2987,000597,东北制药,辽宁
2988,601880,大连港,辽宁
2989,300202,聚龙股份,辽宁
2990,600167,联美控股,辽宁
2991,000692,惠天热电,辽宁
2992,600396,金山股份,辽宁
2993,002487,大金重工,辽宁
2994,603318,派思股份,辽宁
2995,002204,大连重工,辽宁
2996,600297,广汇汽车,辽宁
2997,300290,荣科科技,辽宁
2998,300473,德尔股份,辽宁
2999,000715,中兴商业,辽宁
3000,002069,*ST獐岛,辽宁
3001,300573,兴齐眼药,辽宁
3002,600303,曙光股份,辽宁
3003,002731,萃华珠宝,辽宁
3004,000761,本钢板材,辽宁
3005,600233,圆通速递,辽宁
3006,000820,神雾节能,辽宁
3007,601127,小康股份,重庆
3008,603100,川仪股份,重庆
3009,600116,三峡水利,重庆
3010,300006,莱美药业,重庆
3011,601005,重庆钢铁,重庆
3012,601158,重庆水务,重庆
3013,600847,万里股份,重庆
3014,600666,奥瑞德,重庆
3015,600877,中国嘉陵,重庆
3016,300194,福安药业,重庆
3017,000514,渝 开 发,重庆
3018,000565,渝三峡Ａ,重庆
3019,000788,北大医药,重庆
3020,600106,重庆路桥,重庆
3021,600132,重庆啤酒,重庆
3022,600917,重庆燃气,重庆
3023,000625,长安汽车,重庆
3024,601965,中国汽研,重庆
3025,002765,蓝黛传动,重庆
3026,600369,西南证券,重庆
3027,000656,金科股份,重庆
3028,600129,太极集团,重庆
3029,000736,中房地产,重庆
3030,603717,天域生态,重庆
3031,000591,太阳能,重庆
3032,002507,涪陵榨菜,重庆
3033,600939,重庆建工,重庆
3034,002004,华邦健康,重庆
3035,600565,迪马股份,重庆
3036,600729,重庆百货,重庆
3037,600292,远达环保,重庆
3038,001696,宗申动力,重庆
3039,300363,博腾股份,重庆
3040,000950,*ST建峰,重庆
3041,000688,建新矿业,重庆
3042,600452,涪陵电力,重庆
3043,601777,力帆股份,重庆
3044,600279,重庆港九,重庆
3045,000892,欢瑞世纪,重庆
3046,002742,三圣股份,重庆
3047,002558,世纪游轮,重庆
3048,300122,智飞生物,重庆
3049,603601,再升科技,重庆
3050,300275,梅安森,重庆
3051,603766,隆鑫通用,重庆
3052,000516,国际医学,陕西
3053,601015,陕西黑猫,陕西
3054,300023,宝德股份,陕西
3055,600831,广电网络,陕西
3056,000697,炼石有色,陕西
3057,000812,陕西金叶,陕西
3058,600080,金花股份,陕西
3059,300116,坚瑞沃能,陕西
3060,300103,达刚路机,陕西
3061,601012,隆基股份,陕西
3062,000563,陕国投Ａ,陕西
3063,601225,陕西煤业,陕西
3064,000796,凯撒旅游,陕西
3065,000561,烽火电子,陕西
3066,600343,航天动力,陕西
3067,600706,曲江文旅,陕西
3068,600456,宝钛股份,陕西
3069,000610,西安旅游,陕西
3070,600248,延长化建,陕西
3071,000721,西安饮食,陕西
3072,600817,*ST宏盛,陕西
3073,002673,西部证券,陕西
3074,600893,中航动力,陕西
3075,000837,秦川机床,陕西
3076,000564,供销大集,陕西
3077,002267,陕天然气,陕西
3078,601369,陕鼓动力,陕西
3079,002109,*ST兴化,陕西
3080,300164,通源石油,陕西
3081,000768,中航飞机,陕西
3082,600302,标准股份,陕西
3083,002799,环球印务,陕西
3084,300581,晨曦航空,陕西
3085,600455,博通股份,陕西
3086,600217,中再资环,陕西
3087,002149,西部材料,陕西
3088,300487,蓝晓科技,陕西
3089,300114,中航电测,陕西
3090,601179,中国西电,陕西
3091,300397,天和防务,陕西
3092,600707,彩虹股份,陕西
3093,300140,启源装备,陕西
3094,600984,建设机械,陕西
3095,600379,宝光股份,陕西
3096,601958,金钼股份,陕西
3097,600771,广誉远,青海
3098,600714,金瑞矿业,青海
3099,000792,盐湖股份,青海
3100,600117,西宁特钢,青海
3101,600243,青海华鼎,青海
3102,000606,*ST易桥,青海
3103,600381,青海春天,青海
3104,601168,西部矿业,青海
3105,600869,智慧能源,青海
3106,002646,青青稞酒,青海
3107,603843,正平股份,青海
3108,601188,龙江交通,黑龙江
3109,600705,中航资本,黑龙江
3110,600182,S佳通,黑龙江
3111,002698,博实股份,黑龙江
3112,000901,航天科技,黑龙江
3113,603023,威帝股份,黑龙江
3114,600202,哈空调,黑龙江
3115,600726,华电能源,黑龙江
3116,300489,中飞股份,黑龙江
3117,002437,誉衡药业,黑龙江
3118,600891,秋林集团,黑龙江
3119,000711,京蓝科技,黑龙江
3120,600811,东方集团,黑龙江
3121,603567,珍宝岛,黑龙江
3122,600371,万向德农,黑龙江
3123,601106,中国一重,黑龙江
3124,600853,龙建股份,黑龙江
3125,600289,亿阳信通,黑龙江
3126,600179,安通控股,黑龙江
3127,000922,佳电股份,黑龙江
3128,600356,恒丰纸业,黑龙江
3129,600664,哈药股份,黑龙江
3130,600038,中直股份,黑龙江
3131,600095,哈高科,黑龙江
3132,600864,哈投股份,黑龙江
3133,600598,北大荒,黑龙江
3134,601011,宝泰隆,黑龙江
3135,000587,金洲慈航,黑龙江
3136,600187,国中水务,黑龙江
3137,600701,工大高新,黑龙江
3138,002737,葵花药业,黑龙江
3139,600178,东安动力,黑龙江
3140,600829,人民同泰,黑龙江
3141,000985,大庆华科,黑龙江
3142,300040,九洲电气,黑龙江
